timestamp,cpu_power_w,cpu_temp_c,gpu_index,gpu_name,gpu_power_w,gpu_temp_c,gpu_util_percent,gpu_mem_used_mb,gpu_mem_total_mb,total_measured_power_w
2026-04-08 12:46:59,,36.6,0,NVIDIA GeForce RTX 5070 Ti,5.47,26.0,0.0,16.0,16303.0,34.300000000000004
2026-04-08 12:46:59,,36.6,1,NVIDIA GeForce RTX 5070 Ti,11.23,25.0,0.0,16.0,16303.0,34.300000000000004
2026-04-08 12:46:59,,36.6,2,NVIDIA GeForce RTX 5070 Ti,17.6,25.0,0.0,315.0,16303.0,34.300000000000004
2026-04-08 12:47:01,,36.8,0,NVIDIA GeForce RTX 5070 Ti,4.45,26.0,0.0,16.0,16303.0,33.29
2026-04-08 12:47:01,,36.8,1,NVIDIA GeForce RTX 5070 Ti,11.02,25.0,0.0,16.0,16303.0,33.29
2026-04-08 12:47:01,,36.8,2,NVIDIA GeForce RTX 5070 Ti,17.82,25.0,0.0,315.0,16303.0,33.29
2026-04-08 12:47:03,,36.8,0,NVIDIA GeForce RTX 5070 Ti,4.37,26.0,0.0,16.0,16303.0,32.55
2026-04-08 12:47:03,,36.8,1,NVIDIA GeForce RTX 5070 Ti,10.91,25.0,0.0,16.0,16303.0,32.55
2026-04-08 12:47:03,,36.8,2,NVIDIA GeForce RTX 5070 Ti,17.27,25.0,0.0,315.0,16303.0,32.55
2026-04-08 12:47:05,,36.6,0,NVIDIA GeForce RTX 5070 Ti,4.4,26.0,0.0,16.0,16303.0,32.07
2026-04-08 12:47:05,,36.6,1,NVIDIA GeForce RTX 5070 Ti,11.12,25.0,0.0,16.0,16303.0,32.07
2026-04-08 12:47:05,,36.6,2,NVIDIA GeForce RTX 5070 Ti,16.55,25.0,0.0,315.0,16303.0,32.07
2026-04-08 12:47:07,,36.6,0,NVIDIA GeForce RTX 5070 Ti,8.03,26.0,0.0,16.0,16303.0,38.17
2026-04-08 12:47:07,,36.6,1,NVIDIA GeForce RTX 5070 Ti,12.81,25.0,0.0,16.0,16303.0,38.17
2026-04-08 12:47:07,,36.6,2,NVIDIA GeForce RTX 5070 Ti,17.33,25.0,0.0,315.0,16303.0,38.17
2026-04-08 12:47:09,,36.6,0,NVIDIA GeForce RTX 5070 Ti,4.62,26.0,0.0,16.0,16303.0,31.55
2026-04-08 12:47:09,,36.6,1,NVIDIA GeForce RTX 5070 Ti,11.05,25.0,0.0,16.0,16303.0,31.55
2026-04-08 12:47:09,,36.6,2,NVIDIA GeForce RTX 5070 Ti,15.88,25.0,0.0,315.0,16303.0,31.55
2026-04-08 12:47:11,,36.6,0,NVIDIA GeForce RTX 5070 Ti,4.57,26.0,0.0,16.0,16303.0,31.56
2026-04-08 12:47:11,,36.6,1,NVIDIA GeForce RTX 5070 Ti,10.95,25.0,0.0,16.0,16303.0,31.56
2026-04-08 12:47:11,,36.6,2,NVIDIA GeForce RTX 5070 Ti,16.04,25.0,0.0,315.0,16303.0,31.56
2026-04-08 12:47:14,,36.5,0,NVIDIA GeForce RTX 5070 Ti,7.85,26.0,0.0,16.0,16303.0,37.7
2026-04-08 12:47:14,,36.5,1,NVIDIA GeForce RTX 5070 Ti,12.66,25.0,0.0,16.0,16303.0,37.7
2026-04-08 12:47:14,,36.5,2,NVIDIA GeForce RTX 5070 Ti,17.19,25.0,0.0,315.0,16303.0,37.7
2026-04-08 12:47:16,,36.5,0,NVIDIA GeForce RTX 5070 Ti,4.71,26.0,0.0,16.0,16303.0,31.830000000000002
2026-04-08 12:47:16,,36.5,1,NVIDIA GeForce RTX 5070 Ti,10.84,25.0,0.0,16.0,16303.0,31.830000000000002
2026-04-08 12:47:16,,36.5,2,NVIDIA GeForce RTX 5070 Ti,16.28,25.0,0.0,315.0,16303.0,31.830000000000002
2026-04-08 12:47:18,,36.5,0,NVIDIA GeForce RTX 5070 Ti,4.39,26.0,0.0,16.0,16303.0,31.01
2026-04-08 12:47:18,,36.5,1,NVIDIA GeForce RTX 5070 Ti,10.73,25.0,0.0,16.0,16303.0,31.01
2026-04-08 12:47:18,,36.5,2,NVIDIA GeForce RTX 5070 Ti,15.89,25.0,0.0,315.0,16303.0,31.01
2026-04-08 12:47:20,,36.5,0,NVIDIA GeForce RTX 5070 Ti,5.68,26.0,0.0,16.0,16303.0,32.47
2026-04-08 12:47:20,,36.5,1,NVIDIA GeForce RTX 5070 Ti,10.42,25.0,0.0,16.0,16303.0,32.47
2026-04-08 12:47:20,,36.5,2,NVIDIA GeForce RTX 5070 Ti,16.37,25.0,0.0,315.0,16303.0,32.47
2026-04-08 12:47:22,,36.5,0,NVIDIA GeForce RTX 5070 Ti,4.37,26.0,0.0,16.0,16303.0,31.799999999999997
2026-04-08 12:47:22,,36.5,1,NVIDIA GeForce RTX 5070 Ti,10.35,25.0,0.0,16.0,16303.0,31.799999999999997
2026-04-08 12:47:22,,36.5,2,NVIDIA GeForce RTX 5070 Ti,17.08,25.0,0.0,315.0,16303.0,31.799999999999997
2026-04-08 12:47:24,,36.5,0,NVIDIA GeForce RTX 5070 Ti,4.57,26.0,0.0,16.0,16303.0,30.729999999999997
2026-04-08 12:47:24,,36.5,1,NVIDIA GeForce RTX 5070 Ti,10.12,25.0,0.0,16.0,16303.0,30.729999999999997
2026-04-08 12:47:24,,36.5,2,NVIDIA GeForce RTX 5070 Ti,16.04,25.0,0.0,315.0,16303.0,30.729999999999997
2026-04-08 12:47:26,,36.5,0,NVIDIA GeForce RTX 5070 Ti,4.49,26.0,0.0,16.0,16303.0,30.78
2026-04-08 12:47:26,,36.5,1,NVIDIA GeForce RTX 5070 Ti,10.37,25.0,0.0,16.0,16303.0,30.78
2026-04-08 12:47:26,,36.5,2,NVIDIA GeForce RTX 5070 Ti,15.92,25.0,0.0,315.0,16303.0,30.78
2026-04-14 15:19:36,,33.5,0,NVIDIA GeForce RTX 5070 Ti,8.4,25.0,0.0,15.0,16303.0,36.31
2026-04-14 15:19:36,,33.5,1,NVIDIA GeForce RTX 5070 Ti,11.4,23.0,0.0,15.0,16303.0,36.31
2026-04-14 15:19:36,,33.5,2,NVIDIA GeForce RTX 5070 Ti,16.51,23.0,0.0,104.0,16303.0,36.31
2026-04-14 15:19:38,,33.5,0,NVIDIA GeForce RTX 5070 Ti,4.57,25.0,0.0,15.0,16303.0,31.310000000000002
2026-04-14 15:19:38,,33.5,1,NVIDIA GeForce RTX 5070 Ti,11.34,23.0,0.0,15.0,16303.0,31.310000000000002
2026-04-14 15:19:38,,33.5,2,NVIDIA GeForce RTX 5070 Ti,15.4,23.0,0.0,104.0,16303.0,31.310000000000002
2026-04-14 15:19:40,,33.4,0,NVIDIA GeForce RTX 5070 Ti,4.62,25.0,0.0,15.0,16303.0,31.03
2026-04-14 15:19:40,,33.4,1,NVIDIA GeForce RTX 5070 Ti,11.17,23.0,0.0,15.0,16303.0,31.03
2026-04-14 15:19:40,,33.4,2,NVIDIA GeForce RTX 5070 Ti,15.24,23.0,0.0,104.0,16303.0,31.03
2026-04-14 15:19:42,,33.4,0,NVIDIA GeForce RTX 5070 Ti,6.0,25.0,0.0,15.0,16303.0,35.53
2026-04-14 15:19:42,,33.4,1,NVIDIA GeForce RTX 5070 Ti,13.27,23.0,0.0,15.0,16303.0,35.53
2026-04-14 15:19:42,,33.4,2,NVIDIA GeForce RTX 5070 Ti,16.26,23.0,0.0,104.0,16303.0,35.53
2026-04-14 15:19:44,,33.4,0,NVIDIA GeForce RTX 5070 Ti,5.19,25.0,0.0,15.0,16303.0,31.91
2026-04-14 15:19:44,,33.4,1,NVIDIA GeForce RTX 5070 Ti,11.29,23.0,0.0,15.0,16303.0,31.91
2026-04-14 15:19:44,,33.4,2,NVIDIA GeForce RTX 5070 Ti,15.43,23.0,0.0,104.0,16303.0,31.91
2026-04-16 11:13:44,,36.4,0,NVIDIA GeForce RTX 5070 Ti,3.95,30.0,0.0,15.0,16303.0,31.38
2026-04-16 11:13:44,,36.4,1,NVIDIA GeForce RTX 5070 Ti,10.39,29.0,0.0,15.0,16303.0,31.38
2026-04-16 11:13:44,,36.4,2,NVIDIA GeForce RTX 5070 Ti,17.04,29.0,0.0,171.0,16303.0,31.38
2026-04-16 11:13:46,,36.4,0,NVIDIA GeForce RTX 5070 Ti,5.5,30.0,0.0,15.0,16303.0,32.39
2026-04-16 11:13:46,,36.4,1,NVIDIA GeForce RTX 5070 Ti,10.72,29.0,0.0,15.0,16303.0,32.39
2026-04-16 11:13:46,,36.4,2,NVIDIA GeForce RTX 5070 Ti,16.17,29.0,0.0,171.0,16303.0,32.39
2026-04-16 11:13:48,,36.2,0,NVIDIA GeForce RTX 5070 Ti,4.19,30.0,0.0,15.0,16303.0,30.38
2026-04-16 11:13:48,,36.2,1,NVIDIA GeForce RTX 5070 Ti,10.5,29.0,0.0,15.0,16303.0,30.38
2026-04-16 11:13:48,,36.2,2,NVIDIA GeForce RTX 5070 Ti,15.69,29.0,0.0,171.0,16303.0,30.38
2026-04-16 11:13:50,,36.0,0,NVIDIA GeForce RTX 5070 Ti,4.03,30.0,0.0,15.0,16303.0,29.94
2026-04-16 11:13:50,,36.0,1,NVIDIA GeForce RTX 5070 Ti,10.44,29.0,0.0,15.0,16303.0,29.94
2026-04-16 11:13:50,,36.0,2,NVIDIA GeForce RTX 5070 Ti,15.47,29.0,0.0,171.0,16303.0,29.94
2026-04-16 11:13:52,,36.1,0,NVIDIA GeForce RTX 5070 Ti,3.98,30.0,0.0,15.0,16303.0,30.14
2026-04-16 11:13:52,,36.1,1,NVIDIA GeForce RTX 5070 Ti,10.57,28.0,0.0,15.0,16303.0,30.14
2026-04-16 11:13:52,,36.1,2,NVIDIA GeForce RTX 5070 Ti,15.59,29.0,0.0,171.0,16303.0,30.14
2026-04-16 11:13:54,,36.0,0,NVIDIA GeForce RTX 5070 Ti,7.99,30.0,0.0,15.0,16303.0,35.879999999999995
2026-04-16 11:13:54,,36.0,1,NVIDIA GeForce RTX 5070 Ti,12.28,29.0,0.0,15.0,16303.0,35.879999999999995
2026-04-16 11:13:54,,36.0,2,NVIDIA GeForce RTX 5070 Ti,15.61,29.0,0.0,171.0,16303.0,35.879999999999995
2026-04-16 11:29:48,57.01,sensors:power1,36.0,0,NVIDIA GeForce RTX 5070 Ti,4.99,28.0,0.0,15.0,16303.0,89.41999999999999
2026-04-16 11:29:48,57.01,sensors:power1,36.0,1,NVIDIA GeForce RTX 5070 Ti,12.55,26.0,0.0,15.0,16303.0,89.41999999999999
2026-04-16 11:29:48,57.01,sensors:power1,36.0,2,NVIDIA GeForce RTX 5070 Ti,14.87,27.0,0.0,153.0,16303.0,89.41999999999999
2026-04-16 11:29:50,44.44,sensors:power1,36.0,0,NVIDIA GeForce RTX 5070 Ti,4.15,28.0,0.0,15.0,16303.0,74.97
2026-04-16 11:29:50,44.44,sensors:power1,36.0,1,NVIDIA GeForce RTX 5070 Ti,11.01,26.0,0.0,15.0,16303.0,74.97
2026-04-16 11:29:50,44.44,sensors:power1,36.0,2,NVIDIA GeForce RTX 5070 Ti,15.37,27.0,0.0,153.0,16303.0,74.97
2026-04-16 11:29:52,41.93,sensors:power1,35.9,0,NVIDIA GeForce RTX 5070 Ti,4.22,28.0,0.0,15.0,16303.0,72.34
2026-04-16 11:29:52,41.93,sensors:power1,35.9,1,NVIDIA GeForce RTX 5070 Ti,10.9,26.0,0.0,15.0,16303.0,72.34
2026-04-16 11:29:52,41.93,sensors:power1,35.9,2,NVIDIA GeForce RTX 5070 Ti,15.29,27.0,0.0,153.0,16303.0,72.34
2026-04-16 11:29:54,41.91,sensors:power1,35.8,0,NVIDIA GeForce RTX 5070 Ti,7.75,28.0,0.0,15.0,16303.0,77.46
2026-04-16 11:29:54,41.91,sensors:power1,35.8,1,NVIDIA GeForce RTX 5070 Ti,12.5,26.0,0.0,15.0,16303.0,77.46
2026-04-16 11:29:54,41.91,sensors:power1,35.8,2,NVIDIA GeForce RTX 5070 Ti,15.3,27.0,0.0,153.0,16303.0,77.46
2026-04-16 11:29:56,42.64,sensors:power1,35.6,0,NVIDIA GeForce RTX 5070 Ti,4.15,28.0,0.0,15.0,16303.0,72.61
2026-04-16 11:29:56,42.64,sensors:power1,35.6,1,NVIDIA GeForce RTX 5070 Ti,10.67,26.0,0.0,15.0,16303.0,72.61
2026-04-16 11:29:56,42.64,sensors:power1,35.6,2,NVIDIA GeForce RTX 5070 Ti,15.15,27.0,0.0,153.0,16303.0,72.61
2026-04-16 11:29:59,42.89,sensors:power1,35.6,0,NVIDIA GeForce RTX 5070 Ti,3.89,28.0,0.0,15.0,16303.0,72.97
2026-04-16 11:29:59,42.89,sensors:power1,35.6,1,NVIDIA GeForce RTX 5070 Ti,10.76,26.0,0.0,15.0,16303.0,72.97
2026-04-16 11:29:59,42.89,sensors:power1,35.6,2,NVIDIA GeForce RTX 5070 Ti,15.43,27.0,0.0,153.0,16303.0,72.97
2026-04-16 11:30:01,43.37,sensors:power1,35.6,0,NVIDIA GeForce RTX 5070 Ti,8.14,28.0,0.0,15.0,16303.0,78.74000000000001
2026-04-16 11:30:01,43.37,sensors:power1,35.6,1,NVIDIA GeForce RTX 5070 Ti,11.26,26.0,0.0,15.0,16303.0,78.74000000000001
2026-04-16 11:30:01,43.37,sensors:power1,35.6,2,NVIDIA GeForce RTX 5070 Ti,15.97,27.0,0.0,153.0,16303.0,78.74000000000001
2026-04-16 11:30:03,47.85,sensors:power1,35.6,0,NVIDIA GeForce RTX 5070 Ti,4.15,28.0,0.0,15.0,16303.0,77.89
2026-04-16 11:30:03,47.85,sensors:power1,35.6,1,NVIDIA GeForce RTX 5070 Ti,10.85,26.0,0.0,15.0,16303.0,77.89
2026-04-16 11:30:03,47.85,sensors:power1,35.6,2,NVIDIA GeForce RTX 5070 Ti,15.04,27.0,0.0,153.0,16303.0,77.89
2026-04-16 11:30:05,43.63,sensors:power1,35.6,0,NVIDIA GeForce RTX 5070 Ti,4.19,28.0,0.0,15.0,16303.0,73.79
2026-04-16 11:30:05,43.63,sensors:power1,35.6,1,NVIDIA GeForce RTX 5070 Ti,10.83,26.0,0.0,15.0,16303.0,73.79
2026-04-16 11:30:05,43.63,sensors:power1,35.6,2,NVIDIA GeForce RTX 5070 Ti,15.14,27.0,0.0,153.0,16303.0,73.79
2026-04-16 11:30:07,41.25,sensors:power1,35.6,0,NVIDIA GeForce RTX 5070 Ti,3.97,28.0,0.0,15.0,16303.0,71.43
2026-04-16 11:30:07,41.25,sensors:power1,35.6,1,NVIDIA GeForce RTX 5070 Ti,10.97,26.0,0.0,15.0,16303.0,71.43
2026-04-16 11:30:07,41.25,sensors:power1,35.6,2,NVIDIA GeForce RTX 5070 Ti,15.24,27.0,0.0,153.0,16303.0,71.43
2026-04-16 11:30:09,42.7,sensors:power1,35.6,0,NVIDIA GeForce RTX 5070 Ti,4.42,27.0,0.0,15.0,16303.0,74.97
2026-04-16 11:30:09,42.7,sensors:power1,35.6,1,NVIDIA GeForce RTX 5070 Ti,12.9,26.0,0.0,15.0,16303.0,74.97
2026-04-16 11:30:09,42.7,sensors:power1,35.6,2,NVIDIA GeForce RTX 5070 Ti,14.95,27.0,0.0,153.0,16303.0,74.97
2026-04-16 11:30:11,42.75,sensors:power1,35.6,0,NVIDIA GeForce RTX 5070 Ti,4.31,28.0,0.0,15.0,16303.0,73.05
2026-04-16 11:30:11,42.75,sensors:power1,35.6,1,NVIDIA GeForce RTX 5070 Ti,10.95,26.0,0.0,15.0,16303.0,73.05
2026-04-16 11:30:11,42.75,sensors:power1,35.6,2,NVIDIA GeForce RTX 5070 Ti,15.04,27.0,0.0,153.0,16303.0,73.05
2026-04-16 11:30:14,47.04,sensors:power1,35.6,0,NVIDIA GeForce RTX 5070 Ti,4.22,28.0,0.0,15.0,16303.0,77.28999999999999
2026-04-16 11:30:14,47.04,sensors:power1,35.6,1,NVIDIA GeForce RTX 5070 Ti,10.93,26.0,0.0,15.0,16303.0,77.28999999999999
2026-04-16 11:30:14,47.04,sensors:power1,35.6,2,NVIDIA GeForce RTX 5070 Ti,15.1,27.0,0.0,153.0,16303.0,77.28999999999999
2026-04-16 11:30:16,42.63,sensors:power1,35.6,0,NVIDIA GeForce RTX 5070 Ti,7.78,28.0,0.0,15.0,16303.0,78.38
2026-04-16 11:30:16,42.63,sensors:power1,35.6,1,NVIDIA GeForce RTX 5070 Ti,12.62,26.0,0.0,15.0,16303.0,78.38
2026-04-16 11:30:16,42.63,sensors:power1,35.6,2,NVIDIA GeForce RTX 5070 Ti,15.35,27.0,0.0,153.0,16303.0,78.38
2026-04-16 11:30:18,46.57,sensors:power1,35.5,0,NVIDIA GeForce RTX 5070 Ti,4.05,28.0,0.0,15.0,16303.0,77.34
2026-04-16 11:30:18,46.57,sensors:power1,35.5,1,NVIDIA GeForce RTX 5070 Ti,11.03,26.0,0.0,15.0,16303.0,77.34
2026-04-16 11:30:18,46.57,sensors:power1,35.5,2,NVIDIA GeForce RTX 5070 Ti,15.69,27.0,0.0,153.0,16303.0,77.34
2026-04-16 11:30:20,46.65,sensors:power1,35.5,0,NVIDIA GeForce RTX 5070 Ti,3.98,28.0,0.0,15.0,16303.0,77.39
2026-04-16 11:30:20,46.65,sensors:power1,35.5,1,NVIDIA GeForce RTX 5070 Ti,10.97,26.0,0.0,15.0,16303.0,77.39
2026-04-16 11:30:20,46.65,sensors:power1,35.5,2,NVIDIA GeForce RTX 5070 Ti,15.79,27.0,0.0,153.0,16303.0,77.39
2026-04-16 11:30:22,40.97,sensors:power1,35.6,0,NVIDIA GeForce RTX 5070 Ti,5.12,28.0,0.0,15.0,16303.0,74.41
2026-04-16 11:30:22,40.97,sensors:power1,35.6,1,NVIDIA GeForce RTX 5070 Ti,11.77,26.0,0.0,15.0,16303.0,74.41
2026-04-16 11:30:22,40.97,sensors:power1,35.6,2,NVIDIA GeForce RTX 5070 Ti,16.55,27.0,0.0,153.0,16303.0,74.41
2026-04-16 11:30:24,45.13,sensors:power1,35.5,0,NVIDIA GeForce RTX 5070 Ti,4.58,27.0,0.0,15.0,16303.0,76.16
2026-04-16 11:30:24,45.13,sensors:power1,35.5,1,NVIDIA GeForce RTX 5070 Ti,10.93,26.0,0.0,15.0,16303.0,76.16
2026-04-16 11:30:24,45.13,sensors:power1,35.5,2,NVIDIA GeForce RTX 5070 Ti,15.52,27.0,0.0,153.0,16303.0,76.16
2026-04-16 11:30:26,45.53,sensors:power1,35.6,0,NVIDIA GeForce RTX 5070 Ti,4.18,27.0,0.0,15.0,16303.0,76.45
2026-04-16 11:30:26,45.53,sensors:power1,35.6,1,NVIDIA GeForce RTX 5070 Ti,11.22,26.0,0.0,15.0,16303.0,76.45
2026-04-16 11:30:26,45.53,sensors:power1,35.6,2,NVIDIA GeForce RTX 5070 Ti,15.52,27.0,0.0,153.0,16303.0,76.45
2026-04-16 11:30:29,44.83,sensors:power1,35.6,0,NVIDIA GeForce RTX 5070 Ti,4.21,28.0,0.0,15.0,16303.0,75.78
2026-04-16 11:30:29,44.83,sensors:power1,35.6,1,NVIDIA GeForce RTX 5070 Ti,11.02,26.0,0.0,15.0,16303.0,75.78
2026-04-16 11:30:29,44.83,sensors:power1,35.6,2,NVIDIA GeForce RTX 5070 Ti,15.72,27.0,0.0,153.0,16303.0,75.78
2026-04-16 11:30:31,44.4,sensors:power1,35.6,0,NVIDIA GeForce RTX 5070 Ti,4.91,28.0,0.0,15.0,16303.0,77.78999999999999
2026-04-16 11:30:31,44.4,sensors:power1,35.6,1,NVIDIA GeForce RTX 5070 Ti,12.79,26.0,0.0,15.0,16303.0,77.78999999999999
2026-04-16 11:30:31,44.4,sensors:power1,35.6,2,NVIDIA GeForce RTX 5070 Ti,15.69,27.0,0.0,153.0,16303.0,77.78999999999999
2026-04-16 11:30:33,47.47,sensors:power1,35.6,0,NVIDIA GeForce RTX 5070 Ti,4.14,27.0,0.0,15.0,16303.0,77.72999999999999
2026-04-16 11:30:33,47.47,sensors:power1,35.6,1,NVIDIA GeForce RTX 5070 Ti,10.58,26.0,0.0,15.0,16303.0,77.72999999999999
2026-04-16 11:30:33,47.47,sensors:power1,35.6,2,NVIDIA GeForce RTX 5070 Ti,15.54,27.0,0.0,153.0,16303.0,77.72999999999999
2026-04-16 11:30:35,42.52,sensors:power1,35.6,0,NVIDIA GeForce RTX 5070 Ti,4.11,27.0,0.0,15.0,16303.0,72.89
2026-04-16 11:30:35,42.52,sensors:power1,35.6,1,NVIDIA GeForce RTX 5070 Ti,10.66,26.0,0.0,15.0,16303.0,72.89
2026-04-16 11:30:35,42.52,sensors:power1,35.6,2,NVIDIA GeForce RTX 5070 Ti,15.6,27.0,0.0,153.0,16303.0,72.89
2026-04-16 11:30:37,41.38,sensors:power1,35.6,0,NVIDIA GeForce RTX 5070 Ti,7.64,28.0,0.0,15.0,16303.0,78.28
2026-04-16 11:30:37,41.38,sensors:power1,35.6,1,NVIDIA GeForce RTX 5070 Ti,12.55,26.0,0.0,15.0,16303.0,78.28
2026-04-16 11:30:37,41.38,sensors:power1,35.6,2,NVIDIA GeForce RTX 5070 Ti,16.71,27.0,0.0,153.0,16303.0,78.28
2026-04-16 11:30:39,44.04,sensors:power1,35.6,0,NVIDIA GeForce RTX 5070 Ti,4.15,28.0,0.0,15.0,16303.0,74.84
2026-04-16 11:30:39,44.04,sensors:power1,35.6,1,NVIDIA GeForce RTX 5070 Ti,10.62,26.0,0.0,15.0,16303.0,74.84
2026-04-16 11:30:39,44.04,sensors:power1,35.6,2,NVIDIA GeForce RTX 5070 Ti,16.03,27.0,0.0,153.0,16303.0,74.84
2026-04-16 11:30:41,44.55,sensors:power1,35.6,0,NVIDIA GeForce RTX 5070 Ti,4.04,27.0,0.0,15.0,16303.0,75.47
2026-04-16 11:30:41,44.55,sensors:power1,35.6,1,NVIDIA GeForce RTX 5070 Ti,10.91,26.0,0.0,15.0,16303.0,75.47
2026-04-16 11:30:41,44.55,sensors:power1,35.6,2,NVIDIA GeForce RTX 5070 Ti,15.97,27.0,0.0,153.0,16303.0,75.47
2026-04-16 11:30:44,44.25,sensors:power1,35.5,0,NVIDIA GeForce RTX 5070 Ti,5.3,28.0,0.0,15.0,16303.0,77.07
2026-04-16 11:30:44,44.25,sensors:power1,35.5,1,NVIDIA GeForce RTX 5070 Ti,11.03,26.0,0.0,15.0,16303.0,77.07
2026-04-16 11:30:44,44.25,sensors:power1,35.5,2,NVIDIA GeForce RTX 5070 Ti,16.49,27.0,0.0,153.0,16303.0,77.07
2026-04-16 11:30:46,42.62,sensors:power1,35.5,0,NVIDIA GeForce RTX 5070 Ti,4.18,27.0,0.0,15.0,16303.0,73.07
2026-04-16 11:30:46,42.62,sensors:power1,35.5,1,NVIDIA GeForce RTX 5070 Ti,10.52,26.0,0.0,15.0,16303.0,73.07
2026-04-16 11:30:46,42.62,sensors:power1,35.5,2,NVIDIA GeForce RTX 5070 Ti,15.75,27.0,0.0,153.0,16303.0,73.07
2026-04-16 11:30:48,52.76,sensors:power1,35.5,0,NVIDIA GeForce RTX 5070 Ti,4.24,27.0,0.0,15.0,16303.0,82.99
2026-04-16 11:30:48,52.76,sensors:power1,35.5,1,NVIDIA GeForce RTX 5070 Ti,10.68,26.0,0.0,15.0,16303.0,82.99
2026-04-16 11:30:48,52.76,sensors:power1,35.5,2,NVIDIA GeForce RTX 5070 Ti,15.31,27.0,0.0,153.0,16303.0,82.99
2026-04-16 11:30:50,43.88,sensors:power1,35.5,0,NVIDIA GeForce RTX 5070 Ti,4.36,27.0,0.0,15.0,16303.0,74.55000000000001
2026-04-16 11:30:50,43.88,sensors:power1,35.5,1,NVIDIA GeForce RTX 5070 Ti,10.91,26.0,0.0,15.0,16303.0,74.55000000000001
2026-04-16 11:30:50,43.88,sensors:power1,35.5,2,NVIDIA GeForce RTX 5070 Ti,15.4,26.0,0.0,153.0,16303.0,74.55000000000001
2026-04-16 11:30:52,42.3,sensors:power1,35.5,0,NVIDIA GeForce RTX 5070 Ti,8.15,28.0,0.0,15.0,16303.0,78.1
2026-04-16 11:30:52,42.3,sensors:power1,35.5,1,NVIDIA GeForce RTX 5070 Ti,12.56,26.0,0.0,15.0,16303.0,78.1
2026-04-16 11:30:52,42.3,sensors:power1,35.5,2,NVIDIA GeForce RTX 5070 Ti,15.09,26.0,0.0,153.0,16303.0,78.1
2026-04-16 11:30:54,43.81,sensors:power1,35.5,0,NVIDIA GeForce RTX 5070 Ti,4.3,27.0,0.0,15.0,16303.0,74.14
2026-04-16 11:30:54,43.81,sensors:power1,35.5,1,NVIDIA GeForce RTX 5070 Ti,10.77,26.0,0.0,15.0,16303.0,74.14
2026-04-16 11:30:54,43.81,sensors:power1,35.5,2,NVIDIA GeForce RTX 5070 Ti,15.26,26.0,0.0,153.0,16303.0,74.14
2026-04-16 11:30:56,42.73,sensors:power1,35.5,0,NVIDIA GeForce RTX 5070 Ti,4.18,27.0,0.0,15.0,16303.0,72.92999999999999
2026-04-16 11:30:56,42.73,sensors:power1,35.5,1,NVIDIA GeForce RTX 5070 Ti,10.62,26.0,0.0,15.0,16303.0,72.92999999999999
2026-04-16 11:30:56,42.73,sensors:power1,35.5,2,NVIDIA GeForce RTX 5070 Ti,15.4,27.0,0.0,153.0,16303.0,72.92999999999999
2026-04-16 11:30:59,47.22,sensors:power1,35.5,0,NVIDIA GeForce RTX 5070 Ti,7.69,28.0,0.0,15.0,16303.0,84.22999999999999
2026-04-16 11:30:59,47.22,sensors:power1,35.5,1,NVIDIA GeForce RTX 5070 Ti,12.76,26.0,0.0,15.0,16303.0,84.22999999999999
2026-04-16 11:30:59,47.22,sensors:power1,35.5,2,NVIDIA GeForce RTX 5070 Ti,16.56,27.0,0.0,153.0,16303.0,84.22999999999999
2026-04-16 11:31:01,46.11,sensors:power1,35.5,0,NVIDIA GeForce RTX 5070 Ti,4.03,27.0,0.0,15.0,16303.0,77.36
2026-04-16 11:31:01,46.11,sensors:power1,35.5,1,NVIDIA GeForce RTX 5070 Ti,11.1,26.0,0.0,15.0,16303.0,77.36
2026-04-16 11:31:01,46.11,sensors:power1,35.5,2,NVIDIA GeForce RTX 5070 Ti,16.12,27.0,0.0,153.0,16303.0,77.36
2026-04-16 11:31:03,45.48,sensors:power1,35.5,0,NVIDIA GeForce RTX 5070 Ti,4.25,27.0,0.0,15.0,16303.0,76.28
2026-04-16 11:31:03,45.48,sensors:power1,35.5,1,NVIDIA GeForce RTX 5070 Ti,10.94,26.0,0.0,15.0,16303.0,76.28
2026-04-16 11:31:03,45.48,sensors:power1,35.5,2,NVIDIA GeForce RTX 5070 Ti,15.61,26.0,0.0,153.0,16303.0,76.28
2026-04-16 11:31:05,42.59,sensors:power1,35.5,0,NVIDIA GeForce RTX 5070 Ti,5.27,27.0,0.0,15.0,16303.0,75.44
2026-04-16 11:31:05,42.59,sensors:power1,35.5,1,NVIDIA GeForce RTX 5070 Ti,11.45,26.0,0.0,15.0,16303.0,75.44
2026-04-16 11:31:05,42.59,sensors:power1,35.5,2,NVIDIA GeForce RTX 5070 Ti,16.13,27.0,0.0,153.0,16303.0,75.44
2026-04-16 11:31:07,42.88,sensors:power1,35.5,0,NVIDIA GeForce RTX 5070 Ti,4.67,27.0,0.0,15.0,16303.0,73.88
2026-04-16 11:31:07,42.88,sensors:power1,35.5,1,NVIDIA GeForce RTX 5070 Ti,10.88,26.0,0.0,15.0,16303.0,73.88
2026-04-16 11:31:07,42.88,sensors:power1,35.5,2,NVIDIA GeForce RTX 5070 Ti,15.45,26.0,0.0,153.0,16303.0,73.88
2026-04-16 11:31:09,42.02,sensors:power1,35.5,0,NVIDIA GeForce RTX 5070 Ti,4.13,27.0,0.0,15.0,16303.0,72.16
2026-04-16 11:31:09,42.02,sensors:power1,35.5,1,NVIDIA GeForce RTX 5070 Ti,10.66,26.0,0.0,15.0,16303.0,72.16
2026-04-16 11:31:09,42.02,sensors:power1,35.5,2,NVIDIA GeForce RTX 5070 Ti,15.35,26.0,0.0,153.0,16303.0,72.16
2026-04-16 11:31:11,43.25,sensors:power1,35.5,0,NVIDIA GeForce RTX 5070 Ti,4.3,27.0,0.0,15.0,16303.0,74.02
2026-04-16 11:31:11,43.25,sensors:power1,35.5,1,NVIDIA GeForce RTX 5070 Ti,10.9,26.0,0.0,15.0,16303.0,74.02
2026-04-16 11:31:11,43.25,sensors:power1,35.5,2,NVIDIA GeForce RTX 5070 Ti,15.57,27.0,0.0,153.0,16303.0,74.02
2026-04-16 11:31:14,42.54,sensors:power1,35.5,0,NVIDIA GeForce RTX 5070 Ti,8.02,28.0,0.0,15.0,16303.0,78.61
2026-04-16 11:31:14,42.54,sensors:power1,35.5,1,NVIDIA GeForce RTX 5070 Ti,12.52,26.0,0.0,15.0,16303.0,78.61
2026-04-16 11:31:14,42.54,sensors:power1,35.5,2,NVIDIA GeForce RTX 5070 Ti,15.53,26.0,0.0,153.0,16303.0,78.61
2026-04-16 11:31:16,43.55,sensors:power1,35.4,0,NVIDIA GeForce RTX 5070 Ti,4.23,27.0,0.0,15.0,16303.0,74.0
2026-04-16 11:31:16,43.55,sensors:power1,35.4,1,NVIDIA GeForce RTX 5070 Ti,11.02,26.0,0.0,15.0,16303.0,74.0
2026-04-16 11:31:16,43.55,sensors:power1,35.4,2,NVIDIA GeForce RTX 5070 Ti,15.2,26.0,0.0,153.0,16303.0,74.0
2026-04-16 11:31:18,47.15,sensors:power1,35.4,0,NVIDIA GeForce RTX 5070 Ti,4.26,27.0,0.0,15.0,16303.0,77.14
2026-04-16 11:31:18,47.15,sensors:power1,35.4,1,NVIDIA GeForce RTX 5070 Ti,10.75,26.0,0.0,15.0,16303.0,77.14
2026-04-16 11:31:18,47.15,sensors:power1,35.4,2,NVIDIA GeForce RTX 5070 Ti,14.98,26.0,0.0,153.0,16303.0,77.14
2026-04-16 11:31:20,46.27,sensors:power1,35.4,0,NVIDIA GeForce RTX 5070 Ti,8.15,27.0,0.0,15.0,16303.0,82.38
2026-04-16 11:31:20,46.27,sensors:power1,35.4,1,NVIDIA GeForce RTX 5070 Ti,11.78,26.0,0.0,15.0,16303.0,82.38
2026-04-16 11:31:20,46.27,sensors:power1,35.4,2,NVIDIA GeForce RTX 5070 Ti,16.18,26.0,0.0,153.0,16303.0,82.38
2026-04-16 11:31:22,42.66,sensors:power1,35.5,0,NVIDIA GeForce RTX 5070 Ti,4.31,27.0,0.0,15.0,16303.0,72.77
2026-04-16 11:31:22,42.66,sensors:power1,35.5,1,NVIDIA GeForce RTX 5070 Ti,10.64,26.0,0.0,15.0,16303.0,72.77
2026-04-16 11:31:22,42.66,sensors:power1,35.5,2,NVIDIA GeForce RTX 5070 Ti,15.16,26.0,0.0,153.0,16303.0,72.77
2026-04-16 11:31:24,44.84,sensors:power1,35.4,0,NVIDIA GeForce RTX 5070 Ti,4.15,27.0,0.0,15.0,16303.0,75.09
2026-04-16 11:31:24,44.84,sensors:power1,35.4,1,NVIDIA GeForce RTX 5070 Ti,10.86,26.0,0.0,15.0,16303.0,75.09
2026-04-16 11:31:24,44.84,sensors:power1,35.4,2,NVIDIA GeForce RTX 5070 Ti,15.24,26.0,0.0,153.0,16303.0,75.09
2026-04-16 11:31:26,44.95,sensors:power1,35.4,0,NVIDIA GeForce RTX 5070 Ti,5.23,27.0,0.0,15.0,16303.0,76.45
2026-04-16 11:31:26,44.95,sensors:power1,35.4,1,NVIDIA GeForce RTX 5070 Ti,10.39,26.0,0.0,15.0,16303.0,76.45
2026-04-16 11:31:26,44.95,sensors:power1,35.4,2,NVIDIA GeForce RTX 5070 Ti,15.88,26.0,0.0,153.0,16303.0,76.45
2026-04-16 11:31:29,48.04,sensors:power1,35.4,0,NVIDIA GeForce RTX 5070 Ti,4.16,27.0,0.0,15.0,16303.0,78.66
2026-04-16 11:31:29,48.04,sensors:power1,35.4,1,NVIDIA GeForce RTX 5070 Ti,10.81,26.0,0.0,15.0,16303.0,78.66
2026-04-16 11:31:29,48.04,sensors:power1,35.4,2,NVIDIA GeForce RTX 5070 Ti,15.65,26.0,0.0,153.0,16303.0,78.66
2026-04-16 11:31:31,45.57,sensors:power1,35.4,0,NVIDIA GeForce RTX 5070 Ti,4.14,27.0,0.0,15.0,16303.0,76.16
2026-04-16 11:31:31,45.57,sensors:power1,35.4,1,NVIDIA GeForce RTX 5070 Ti,10.99,26.0,0.0,15.0,16303.0,76.16
2026-04-16 11:31:31,45.57,sensors:power1,35.4,2,NVIDIA GeForce RTX 5070 Ti,15.46,26.0,0.0,153.0,16303.0,76.16
2026-04-16 11:31:33,48.46,sensors:power1,35.4,0,NVIDIA GeForce RTX 5070 Ti,4.04,27.0,0.0,15.0,16303.0,78.5
2026-04-16 11:31:33,48.46,sensors:power1,35.4,1,NVIDIA GeForce RTX 5070 Ti,10.77,26.0,0.0,15.0,16303.0,78.5
2026-04-16 11:31:33,48.46,sensors:power1,35.4,2,NVIDIA GeForce RTX 5070 Ti,15.23,26.0,0.0,153.0,16303.0,78.5
2026-04-16 11:31:35,43.37,sensors:power1,35.4,0,NVIDIA GeForce RTX 5070 Ti,8.26,27.0,0.0,15.0,16303.0,79.44
2026-04-16 11:31:35,43.37,sensors:power1,35.4,1,NVIDIA GeForce RTX 5070 Ti,12.7,26.0,0.0,15.0,16303.0,79.44
2026-04-16 11:31:35,43.37,sensors:power1,35.4,2,NVIDIA GeForce RTX 5070 Ti,15.11,26.0,0.0,153.0,16303.0,79.44
2026-04-16 11:31:37,41.96,sensors:power1,35.5,0,NVIDIA GeForce RTX 5070 Ti,4.21,27.0,0.0,15.0,16303.0,72.82
2026-04-16 11:31:37,41.96,sensors:power1,35.5,1,NVIDIA GeForce RTX 5070 Ti,11.28,26.0,0.0,15.0,16303.0,72.82
2026-04-16 11:31:37,41.96,sensors:power1,35.5,2,NVIDIA GeForce RTX 5070 Ti,15.37,26.0,0.0,153.0,16303.0,72.82
2026-04-16 11:31:39,41.81,sensors:power1,35.5,0,NVIDIA GeForce RTX 5070 Ti,4.26,27.0,0.0,15.0,16303.0,72.65
2026-04-16 11:31:39,41.81,sensors:power1,35.5,1,NVIDIA GeForce RTX 5070 Ti,11.2,26.0,0.0,15.0,16303.0,72.65
2026-04-16 11:31:39,41.81,sensors:power1,35.5,2,NVIDIA GeForce RTX 5070 Ti,15.38,26.0,0.0,153.0,16303.0,72.65
2026-04-16 11:31:41,42.95,sensors:power1,35.5,0,NVIDIA GeForce RTX 5070 Ti,8.13,27.0,0.0,15.0,16303.0,79.49000000000001
2026-04-16 11:31:41,42.95,sensors:power1,35.5,1,NVIDIA GeForce RTX 5070 Ti,11.93,26.0,0.0,15.0,16303.0,79.49000000000001
2026-04-16 11:31:41,42.95,sensors:power1,35.5,2,NVIDIA GeForce RTX 5070 Ti,16.48,26.0,0.0,153.0,16303.0,79.49000000000001
2026-04-16 11:31:44,46.85,sensors:power1,35.5,0,NVIDIA GeForce RTX 5070 Ti,4.11,27.0,0.0,15.0,16303.0,77.45
2026-04-16 11:31:44,46.85,sensors:power1,35.5,1,NVIDIA GeForce RTX 5070 Ti,11.22,26.0,0.0,15.0,16303.0,77.45
2026-04-16 11:31:44,46.85,sensors:power1,35.5,2,NVIDIA GeForce RTX 5070 Ti,15.27,26.0,0.0,153.0,16303.0,77.45
2026-04-16 11:31:46,42.11,sensors:power1,35.5,0,NVIDIA GeForce RTX 5070 Ti,4.19,27.0,0.0,15.0,16303.0,72.41
2026-04-16 11:31:46,42.11,sensors:power1,35.5,1,NVIDIA GeForce RTX 5070 Ti,10.95,26.0,0.0,15.0,16303.0,72.41
2026-04-16 11:31:46,42.11,sensors:power1,35.5,2,NVIDIA GeForce RTX 5070 Ti,15.16,26.0,0.0,153.0,16303.0,72.41
2026-04-16 11:31:48,52.42,sensors:power1,35.5,0,NVIDIA GeForce RTX 5070 Ti,5.36,27.0,0.0,15.0,16303.0,84.62
2026-04-16 11:31:48,52.42,sensors:power1,35.5,1,NVIDIA GeForce RTX 5070 Ti,11.25,26.0,0.0,15.0,16303.0,84.62
2026-04-16 11:31:48,52.42,sensors:power1,35.5,2,NVIDIA GeForce RTX 5070 Ti,15.59,26.0,0.0,153.0,16303.0,84.62
2026-04-16 11:31:50,46.13,sensors:power1,35.4,0,NVIDIA GeForce RTX 5070 Ti,4.63,27.0,0.0,15.0,16303.0,78.96000000000001
2026-04-16 11:31:50,46.13,sensors:power1,35.4,1,NVIDIA GeForce RTX 5070 Ti,13.07,26.0,0.0,15.0,16303.0,78.96000000000001
2026-04-16 11:31:50,46.13,sensors:power1,35.4,2,NVIDIA GeForce RTX 5070 Ti,15.13,26.0,0.0,153.0,16303.0,78.96000000000001
2026-04-16 11:31:52,42.59,sensors:power1,35.5,0,NVIDIA GeForce RTX 5070 Ti,4.07,27.0,0.0,15.0,16303.0,72.79
2026-04-16 11:31:52,42.59,sensors:power1,35.5,1,NVIDIA GeForce RTX 5070 Ti,11.08,26.0,0.0,15.0,16303.0,72.79
2026-04-16 11:31:52,42.59,sensors:power1,35.5,2,NVIDIA GeForce RTX 5070 Ti,15.05,26.0,0.0,153.0,16303.0,72.79
2026-04-16 11:31:54,42.41,sensors:power1,35.5,0,NVIDIA GeForce RTX 5070 Ti,4.05,27.0,0.0,15.0,16303.0,72.44999999999999
2026-04-16 11:31:54,42.41,sensors:power1,35.5,1,NVIDIA GeForce RTX 5070 Ti,10.95,26.0,0.0,15.0,16303.0,72.44999999999999
2026-04-16 11:31:54,42.41,sensors:power1,35.5,2,NVIDIA GeForce RTX 5070 Ti,15.04,26.0,0.0,153.0,16303.0,72.44999999999999
2026-04-16 11:31:56,42.64,sensors:power1,35.4,0,NVIDIA GeForce RTX 5070 Ti,8.15,27.0,0.0,15.0,16303.0,78.46000000000001
2026-04-16 11:31:56,42.64,sensors:power1,35.4,1,NVIDIA GeForce RTX 5070 Ti,12.5,26.0,0.0,15.0,16303.0,78.46000000000001
2026-04-16 11:31:56,42.64,sensors:power1,35.4,2,NVIDIA GeForce RTX 5070 Ti,15.17,26.0,0.0,153.0,16303.0,78.46000000000001
2026-04-16 11:31:59,41.69,sensors:power1,35.4,0,NVIDIA GeForce RTX 5070 Ti,4.11,27.0,0.0,15.0,16303.0,71.96
2026-04-16 11:31:59,41.69,sensors:power1,35.4,1,NVIDIA GeForce RTX 5070 Ti,10.9,26.0,0.0,15.0,16303.0,71.96
2026-04-16 11:31:59,41.69,sensors:power1,35.4,2,NVIDIA GeForce RTX 5070 Ti,15.26,26.0,0.0,153.0,16303.0,71.96
2026-04-16 11:32:01,42.85,sensors:power1,35.5,0,NVIDIA GeForce RTX 5070 Ti,4.27,27.0,0.0,15.0,16303.0,73.98
2026-04-16 11:32:01,42.85,sensors:power1,35.5,1,NVIDIA GeForce RTX 5070 Ti,10.84,26.0,0.0,15.0,16303.0,73.98
2026-04-16 11:32:01,42.85,sensors:power1,35.5,2,NVIDIA GeForce RTX 5070 Ti,16.02,26.0,0.0,153.0,16303.0,73.98
2026-04-16 11:32:03,51.35,sensors:power1,35.4,0,NVIDIA GeForce RTX 5070 Ti,8.11,27.0,0.0,15.0,16303.0,86.89
2026-04-16 11:32:03,51.35,sensors:power1,35.4,1,NVIDIA GeForce RTX 5070 Ti,11.53,26.0,0.0,15.0,16303.0,86.89
2026-04-16 11:32:03,51.35,sensors:power1,35.4,2,NVIDIA GeForce RTX 5070 Ti,15.9,26.0,0.0,153.0,16303.0,86.89
2026-04-16 11:32:05,43.12,sensors:power1,35.5,0,NVIDIA GeForce RTX 5070 Ti,4.41,27.0,0.0,15.0,16303.0,74.28
2026-04-16 11:32:05,43.12,sensors:power1,35.5,1,NVIDIA GeForce RTX 5070 Ti,11.32,26.0,0.0,15.0,16303.0,74.28
2026-04-16 11:32:05,43.12,sensors:power1,35.5,2,NVIDIA GeForce RTX 5070 Ti,15.43,26.0,0.0,153.0,16303.0,74.28
2026-04-16 11:32:07,41.12,sensors:power1,35.5,0,NVIDIA GeForce RTX 5070 Ti,4.12,27.0,0.0,15.0,16303.0,71.66
2026-04-16 11:32:07,41.12,sensors:power1,35.5,1,NVIDIA GeForce RTX 5070 Ti,10.98,26.0,0.0,15.0,16303.0,71.66
2026-04-16 11:32:07,41.12,sensors:power1,35.5,2,NVIDIA GeForce RTX 5070 Ti,15.44,26.0,0.0,153.0,16303.0,71.66
2026-04-16 11:32:09,40.88,sensors:power1,35.5,0,NVIDIA GeForce RTX 5070 Ti,5.52,27.0,0.0,15.0,16303.0,73.15
2026-04-16 11:32:09,40.88,sensors:power1,35.5,1,NVIDIA GeForce RTX 5070 Ti,11.03,26.0,0.0,15.0,16303.0,73.15
2026-04-16 11:32:09,40.88,sensors:power1,35.5,2,NVIDIA GeForce RTX 5070 Ti,15.72,26.0,0.0,153.0,16303.0,73.15
2026-04-16 11:32:11,41.2,sensors:power1,35.4,0,NVIDIA GeForce RTX 5070 Ti,4.17,27.0,0.0,15.0,16303.0,73.26
2026-04-16 11:32:11,41.2,sensors:power1,35.4,1,NVIDIA GeForce RTX 5070 Ti,12.54,26.0,0.0,15.0,16303.0,73.26
2026-04-16 11:32:11,41.2,sensors:power1,35.4,2,NVIDIA GeForce RTX 5070 Ti,15.35,26.0,0.0,153.0,16303.0,73.26
2026-04-16 11:32:14,45.81,sensors:power1,35.4,0,NVIDIA GeForce RTX 5070 Ti,4.22,27.0,0.0,15.0,16303.0,76.48
2026-04-16 11:32:14,45.81,sensors:power1,35.4,1,NVIDIA GeForce RTX 5070 Ti,10.74,26.0,0.0,15.0,16303.0,76.48
2026-04-16 11:32:14,45.81,sensors:power1,35.4,2,NVIDIA GeForce RTX 5070 Ti,15.71,26.0,0.0,153.0,16303.0,76.48
2026-04-16 11:32:16,42.27,sensors:power1,35.4,0,NVIDIA GeForce RTX 5070 Ti,4.28,27.0,0.0,15.0,16303.0,72.80000000000001
2026-04-16 11:32:16,42.27,sensors:power1,35.4,1,NVIDIA GeForce RTX 5070 Ti,10.88,26.0,0.0,15.0,16303.0,72.80000000000001
2026-04-16 11:32:16,42.27,sensors:power1,35.4,2,NVIDIA GeForce RTX 5070 Ti,15.37,26.0,0.0,153.0,16303.0,72.80000000000001
2026-04-16 11:32:18,45.15,sensors:power1,35.4,0,NVIDIA GeForce RTX 5070 Ti,8.16,27.0,0.0,15.0,16303.0,81.5
2026-04-16 11:32:18,45.15,sensors:power1,35.4,1,NVIDIA GeForce RTX 5070 Ti,12.81,26.0,0.0,15.0,16303.0,81.5
2026-04-16 11:32:18,45.15,sensors:power1,35.4,2,NVIDIA GeForce RTX 5070 Ti,15.38,26.0,0.0,153.0,16303.0,81.5
2026-04-16 11:32:20,44.52,sensors:power1,35.4,0,NVIDIA GeForce RTX 5070 Ti,4.22,27.0,0.0,15.0,16303.0,75.22
2026-04-16 11:32:20,44.52,sensors:power1,35.4,1,NVIDIA GeForce RTX 5070 Ti,11.09,26.0,0.0,15.0,16303.0,75.22
2026-04-16 11:32:20,44.52,sensors:power1,35.4,2,NVIDIA GeForce RTX 5070 Ti,15.39,26.0,0.0,153.0,16303.0,75.22
2026-04-16 11:32:22,43.27,sensors:power1,35.4,0,NVIDIA GeForce RTX 5070 Ti,4.31,27.0,0.0,15.0,16303.0,73.62
2026-04-16 11:32:22,43.27,sensors:power1,35.4,1,NVIDIA GeForce RTX 5070 Ti,10.98,26.0,0.0,15.0,16303.0,73.62
2026-04-16 11:32:22,43.27,sensors:power1,35.4,2,NVIDIA GeForce RTX 5070 Ti,15.06,26.0,0.0,153.0,16303.0,73.62
2026-04-16 11:41:07,49.73,sensors:power1,34.6,0,NVIDIA GeForce RTX 5070 Ti,5.01,27.0,0.0,15.0,16303.0,82.03
2026-04-16 11:41:07,49.73,sensors:power1,34.6,1,NVIDIA GeForce RTX 5070 Ti,11.07,25.0,0.0,15.0,16303.0,82.03
2026-04-16 11:41:07,49.73,sensors:power1,34.6,2,NVIDIA GeForce RTX 5070 Ti,16.22,26.0,0.0,153.0,16303.0,82.03
2026-04-16 11:41:09,44.14,sensors:power1,34.8,0,NVIDIA GeForce RTX 5070 Ti,4.88,27.0,0.0,15.0,16303.0,75.41
2026-04-16 11:41:09,44.14,sensors:power1,34.8,1,NVIDIA GeForce RTX 5070 Ti,10.85,25.0,0.0,15.0,16303.0,75.41
2026-04-16 11:41:09,44.14,sensors:power1,34.8,2,NVIDIA GeForce RTX 5070 Ti,15.54,26.0,0.0,153.0,16303.0,75.41
2026-04-16 11:41:11,41.33,sensors:power1,34.6,0,NVIDIA GeForce RTX 5070 Ti,4.2,27.0,0.0,15.0,16303.0,71.72999999999999
2026-04-16 11:41:11,41.33,sensors:power1,34.6,1,NVIDIA GeForce RTX 5070 Ti,10.66,25.0,0.0,15.0,16303.0,71.72999999999999
2026-04-16 11:41:11,41.33,sensors:power1,34.6,2,NVIDIA GeForce RTX 5070 Ti,15.54,26.0,0.0,153.0,16303.0,71.72999999999999
2026-04-16 11:41:14,45.14,sensors:power1,34.6,0,NVIDIA GeForce RTX 5070 Ti,4.51,27.0,0.0,15.0,16303.0,75.51
2026-04-16 11:41:14,45.14,sensors:power1,34.6,1,NVIDIA GeForce RTX 5070 Ti,10.46,25.0,0.0,15.0,16303.0,75.51
2026-04-16 11:41:14,45.14,sensors:power1,34.6,2,NVIDIA GeForce RTX 5070 Ti,15.4,26.0,0.0,153.0,16303.0,75.51
2026-04-16 11:41:16,42.0,sensors:power1,34.6,0,NVIDIA GeForce RTX 5070 Ti,4.73,27.0,0.0,15.0,16303.0,74.59
2026-04-16 11:41:16,42.0,sensors:power1,34.6,1,NVIDIA GeForce RTX 5070 Ti,12.31,25.0,0.0,15.0,16303.0,74.59
2026-04-16 11:41:16,42.0,sensors:power1,34.6,2,NVIDIA GeForce RTX 5070 Ti,15.55,26.0,0.0,153.0,16303.0,74.59
2026-04-16 11:41:18,48.36,sensors:power1,34.6,0,NVIDIA GeForce RTX 5070 Ti,4.15,27.0,0.0,15.0,16303.0,78.78
2026-04-16 11:41:18,48.36,sensors:power1,34.6,1,NVIDIA GeForce RTX 5070 Ti,10.77,26.0,0.0,15.0,16303.0,78.78
2026-04-16 11:41:18,48.36,sensors:power1,34.6,2,NVIDIA GeForce RTX 5070 Ti,15.5,26.0,0.0,153.0,16303.0,78.78
2026-04-16 11:41:20,44.66,sensors:power1,34.6,0,NVIDIA GeForce RTX 5070 Ti,4.14,27.0,0.0,15.0,16303.0,74.62
2026-04-16 11:41:20,44.66,sensors:power1,34.6,1,NVIDIA GeForce RTX 5070 Ti,10.56,25.0,0.0,15.0,16303.0,74.62
2026-04-16 11:41:20,44.66,sensors:power1,34.6,2,NVIDIA GeForce RTX 5070 Ti,15.26,26.0,0.0,153.0,16303.0,74.62
2026-04-16 11:41:22,40.8,sensors:power1,34.6,0,NVIDIA GeForce RTX 5070 Ti,7.96,27.0,0.0,15.0,16303.0,77.75999999999999
2026-04-16 11:41:22,40.8,sensors:power1,34.6,1,NVIDIA GeForce RTX 5070 Ti,12.59,25.0,0.0,15.0,16303.0,77.75999999999999
2026-04-16 11:41:22,40.8,sensors:power1,34.6,2,NVIDIA GeForce RTX 5070 Ti,16.41,26.0,0.0,153.0,16303.0,77.75999999999999
2026-04-16 11:41:24,43.25,sensors:power1,34.6,0,NVIDIA GeForce RTX 5070 Ti,4.22,27.0,0.0,15.0,16303.0,74.03999999999999
2026-04-16 11:41:24,43.25,sensors:power1,34.6,1,NVIDIA GeForce RTX 5070 Ti,11.09,25.0,0.0,15.0,16303.0,74.03999999999999
2026-04-16 11:41:24,43.25,sensors:power1,34.6,2,NVIDIA GeForce RTX 5070 Ti,15.48,26.0,0.0,153.0,16303.0,74.03999999999999
2026-04-16 11:41:26,42.27,sensors:power1,34.6,0,NVIDIA GeForce RTX 5070 Ti,4.33,27.0,0.0,15.0,16303.0,73.11
2026-04-16 11:41:26,42.27,sensors:power1,34.6,1,NVIDIA GeForce RTX 5070 Ti,10.84,25.0,0.0,15.0,16303.0,73.11
2026-04-16 11:41:26,42.27,sensors:power1,34.6,2,NVIDIA GeForce RTX 5070 Ti,15.67,26.0,0.0,153.0,16303.0,73.11
2026-04-16 11:41:29,43.57,sensors:power1,34.6,0,NVIDIA GeForce RTX 5070 Ti,5.1,27.0,0.0,15.0,16303.0,75.71000000000001
2026-04-16 11:41:29,43.57,sensors:power1,34.6,1,NVIDIA GeForce RTX 5070 Ti,11.04,25.0,0.0,15.0,16303.0,75.71000000000001
2026-04-16 11:41:29,43.57,sensors:power1,34.6,2,NVIDIA GeForce RTX 5070 Ti,16.0,26.0,0.0,153.0,16303.0,75.71000000000001
2026-04-16 11:41:31,42.91,sensors:power1,34.6,0,NVIDIA GeForce RTX 5070 Ti,4.53,27.0,0.0,15.0,16303.0,73.65
2026-04-16 11:41:31,42.91,sensors:power1,34.6,1,NVIDIA GeForce RTX 5070 Ti,10.46,25.0,0.0,15.0,16303.0,73.65
2026-04-16 11:41:31,42.91,sensors:power1,34.6,2,NVIDIA GeForce RTX 5070 Ti,15.75,26.0,0.0,153.0,16303.0,73.65
2026-04-16 11:41:33,49.07,sensors:power1,34.6,0,NVIDIA GeForce RTX 5070 Ti,4.1,27.0,0.0,15.0,16303.0,79.75
2026-04-16 11:41:33,49.07,sensors:power1,34.6,1,NVIDIA GeForce RTX 5070 Ti,10.84,25.0,0.0,15.0,16303.0,79.75
2026-04-16 11:41:33,49.07,sensors:power1,34.6,2,NVIDIA GeForce RTX 5070 Ti,15.74,26.0,0.0,153.0,16303.0,79.75
2026-04-16 11:41:35,44.42,sensors:power1,34.6,0,NVIDIA GeForce RTX 5070 Ti,4.32,27.0,0.0,15.0,16303.0,75.30000000000001
2026-04-16 11:41:35,44.42,sensors:power1,34.6,1,NVIDIA GeForce RTX 5070 Ti,10.89,25.0,0.0,15.0,16303.0,75.30000000000001
2026-04-16 11:41:35,44.42,sensors:power1,34.6,2,NVIDIA GeForce RTX 5070 Ti,15.67,26.0,0.0,153.0,16303.0,75.30000000000001
2026-04-16 11:41:37,42.86,sensors:power1,34.6,0,NVIDIA GeForce RTX 5070 Ti,8.17,27.0,0.0,15.0,16303.0,79.50999999999999
2026-04-16 11:41:37,42.86,sensors:power1,34.6,1,NVIDIA GeForce RTX 5070 Ti,12.9,25.0,0.0,15.0,16303.0,79.50999999999999
2026-04-16 11:41:37,42.86,sensors:power1,34.6,2,NVIDIA GeForce RTX 5070 Ti,15.58,26.0,0.0,153.0,16303.0,79.50999999999999
2026-04-16 11:41:39,41.77,sensors:power1,34.6,0,NVIDIA GeForce RTX 5070 Ti,4.32,27.0,0.0,15.0,16303.0,72.58000000000001
2026-04-16 11:41:39,41.77,sensors:power1,34.6,1,NVIDIA GeForce RTX 5070 Ti,10.72,25.0,0.0,15.0,16303.0,72.58000000000001
2026-04-16 11:41:39,41.77,sensors:power1,34.6,2,NVIDIA GeForce RTX 5070 Ti,15.77,26.0,0.0,153.0,16303.0,72.58000000000001
2026-04-16 11:41:41,43.34,sensors:power1,34.6,0,NVIDIA GeForce RTX 5070 Ti,4.23,27.0,0.0,15.0,16303.0,73.99000000000001
2026-04-16 11:41:41,43.34,sensors:power1,34.6,1,NVIDIA GeForce RTX 5070 Ti,10.75,25.0,0.0,15.0,16303.0,73.99000000000001
2026-04-16 11:41:41,43.34,sensors:power1,34.6,2,NVIDIA GeForce RTX 5070 Ti,15.67,26.0,0.0,153.0,16303.0,73.99000000000001
2026-04-16 11:41:44,40.75,sensors:power1,34.8,0,NVIDIA GeForce RTX 5070 Ti,8.07,27.0,0.0,15.0,16303.0,77.84
2026-04-16 11:41:44,40.75,sensors:power1,34.8,1,NVIDIA GeForce RTX 5070 Ti,12.44,25.0,0.0,15.0,16303.0,77.84
2026-04-16 11:41:44,40.75,sensors:power1,34.8,2,NVIDIA GeForce RTX 5070 Ti,16.58,26.0,0.0,153.0,16303.0,77.84
2026-04-16 11:41:46,46.2,sensors:power1,34.6,0,NVIDIA GeForce RTX 5070 Ti,4.16,27.0,0.0,15.0,16303.0,76.56
2026-04-16 11:41:46,46.2,sensors:power1,34.6,1,NVIDIA GeForce RTX 5070 Ti,10.83,25.0,0.0,15.0,16303.0,76.56
2026-04-16 11:41:46,46.2,sensors:power1,34.6,2,NVIDIA GeForce RTX 5070 Ti,15.37,26.0,0.0,153.0,16303.0,76.56
2026-04-16 11:41:48,49.1,sensors:power1,34.6,0,NVIDIA GeForce RTX 5070 Ti,4.19,27.0,0.0,15.0,16303.0,79.39
2026-04-16 11:41:48,49.1,sensors:power1,34.6,1,NVIDIA GeForce RTX 5070 Ti,10.76,25.0,0.0,15.0,16303.0,79.39
2026-04-16 11:41:48,49.1,sensors:power1,34.6,2,NVIDIA GeForce RTX 5070 Ti,15.34,26.0,0.0,153.0,16303.0,79.39
2026-04-16 11:41:50,41.31,sensors:power1,34.8,0,NVIDIA GeForce RTX 5070 Ti,4.85,27.0,0.0,15.0,16303.0,73.38
2026-04-16 11:41:50,41.31,sensors:power1,34.8,1,NVIDIA GeForce RTX 5070 Ti,11.32,25.0,0.0,15.0,16303.0,73.38
2026-04-16 11:41:50,41.31,sensors:power1,34.8,2,NVIDIA GeForce RTX 5070 Ti,15.9,26.0,0.0,153.0,16303.0,73.38
2026-04-16 11:41:52,42.55,sensors:power1,34.6,0,NVIDIA GeForce RTX 5070 Ti,4.9,27.0,0.0,15.0,16303.0,73.89
2026-04-16 11:41:52,42.55,sensors:power1,34.6,1,NVIDIA GeForce RTX 5070 Ti,10.93,25.0,0.0,15.0,16303.0,73.89
2026-04-16 11:41:52,42.55,sensors:power1,34.6,2,NVIDIA GeForce RTX 5070 Ti,15.51,26.0,0.0,153.0,16303.0,73.89
2026-04-16 11:41:54,43.04,sensors:power1,34.6,0,NVIDIA GeForce RTX 5070 Ti,4.16,27.0,0.0,15.0,16303.0,73.6
2026-04-16 11:41:54,43.04,sensors:power1,34.6,1,NVIDIA GeForce RTX 5070 Ti,11.02,25.0,0.0,15.0,16303.0,73.6
2026-04-16 11:41:54,43.04,sensors:power1,34.6,2,NVIDIA GeForce RTX 5070 Ti,15.38,26.0,0.0,153.0,16303.0,73.6
2026-04-16 11:41:56,42.3,sensors:power1,34.6,0,NVIDIA GeForce RTX 5070 Ti,4.27,27.0,0.0,15.0,16303.0,72.57
2026-04-16 11:41:56,42.3,sensors:power1,34.6,1,NVIDIA GeForce RTX 5070 Ti,10.86,25.0,0.0,15.0,16303.0,72.57
2026-04-16 11:41:56,42.3,sensors:power1,34.6,2,NVIDIA GeForce RTX 5070 Ti,15.14,26.0,0.0,153.0,16303.0,72.57
2026-04-16 11:41:59,43.67,sensors:power1,34.6,0,NVIDIA GeForce RTX 5070 Ti,8.07,27.0,0.0,15.0,16303.0,79.84
2026-04-16 11:41:59,43.67,sensors:power1,34.6,1,NVIDIA GeForce RTX 5070 Ti,12.64,25.0,0.0,15.0,16303.0,79.84
2026-04-16 11:41:59,43.67,sensors:power1,34.6,2,NVIDIA GeForce RTX 5070 Ti,15.46,26.0,0.0,153.0,16303.0,79.84
2026-04-16 11:42:01,51.46,sensors:power1,34.8,0,NVIDIA GeForce RTX 5070 Ti,4.39,27.0,0.0,15.0,16303.0,83.11
2026-04-16 11:42:01,51.46,sensors:power1,34.8,1,NVIDIA GeForce RTX 5070 Ti,10.56,25.0,0.0,15.0,16303.0,83.11
2026-04-16 11:42:01,51.46,sensors:power1,34.8,2,NVIDIA GeForce RTX 5070 Ti,16.7,26.0,0.0,153.0,16303.0,83.11
2026-04-16 11:42:03,46.98,sensors:power1,34.8,0,NVIDIA GeForce RTX 5070 Ti,4.25,27.0,0.0,15.0,16303.0,77.43
2026-04-16 11:42:03,46.98,sensors:power1,34.8,1,NVIDIA GeForce RTX 5070 Ti,10.65,25.0,0.0,15.0,16303.0,77.43
2026-04-16 11:42:03,46.98,sensors:power1,34.8,2,NVIDIA GeForce RTX 5070 Ti,15.55,26.0,0.0,153.0,16303.0,77.43
2026-04-16 11:42:05,42.21,sensors:power1,34.8,0,NVIDIA GeForce RTX 5070 Ti,8.19,27.0,0.0,15.0,16303.0,79.09
2026-04-16 11:42:05,42.21,sensors:power1,34.8,1,NVIDIA GeForce RTX 5070 Ti,12.63,25.0,0.0,15.0,16303.0,79.09
2026-04-16 11:42:05,42.21,sensors:power1,34.8,2,NVIDIA GeForce RTX 5070 Ti,16.06,26.0,0.0,153.0,16303.0,79.09
2026-04-17 16:22:12,53.73,sensors:power1,35.1,0,NVIDIA GeForce RTX 5070 Ti,4.58,25.0,0.0,15.0,16303.0,84.08
2026-04-17 16:22:12,53.73,sensors:power1,35.1,1,NVIDIA GeForce RTX 5070 Ti,10.43,24.0,0.0,15.0,16303.0,84.08
2026-04-17 16:22:12,53.73,sensors:power1,35.1,2,NVIDIA GeForce RTX 5070 Ti,15.34,24.0,0.0,158.0,16303.0,84.08
2026-04-17 16:22:15,49.03,sensors:power1,35.1,0,NVIDIA GeForce RTX 5070 Ti,4.51,25.0,0.0,15.0,16303.0,79.3
2026-04-17 16:22:15,49.03,sensors:power1,35.1,1,NVIDIA GeForce RTX 5070 Ti,10.35,24.0,0.0,15.0,16303.0,79.3
2026-04-17 16:22:15,49.03,sensors:power1,35.1,2,NVIDIA GeForce RTX 5070 Ti,15.41,24.0,0.0,158.0,16303.0,79.3
2026-04-17 16:22:17,53.2,sensors:power1,35.1,0,NVIDIA GeForce RTX 5070 Ti,5.81,25.0,0.0,15.0,16303.0,85.81
2026-04-17 16:22:17,53.2,sensors:power1,35.1,1,NVIDIA GeForce RTX 5070 Ti,10.44,24.0,0.0,15.0,16303.0,85.81
2026-04-17 16:22:17,53.2,sensors:power1,35.1,2,NVIDIA GeForce RTX 5070 Ti,16.36,24.0,0.0,158.0,16303.0,85.81
2026-04-17 16:22:19,64.48,sensors:power1,35.0,0,NVIDIA GeForce RTX 5070 Ti,4.75,25.0,0.0,15.0,16303.0,94.97
2026-04-17 16:22:19,64.48,sensors:power1,35.0,1,NVIDIA GeForce RTX 5070 Ti,10.43,24.0,0.0,15.0,16303.0,94.97
2026-04-17 16:22:19,64.48,sensors:power1,35.0,2,NVIDIA GeForce RTX 5070 Ti,15.31,24.0,0.0,158.0,16303.0,94.97
2026-04-17 16:22:21,60.42,sensors:power1,35.2,0,NVIDIA GeForce RTX 5070 Ti,4.29,25.0,0.0,15.0,16303.0,90.18
2026-04-17 16:22:21,60.42,sensors:power1,35.2,1,NVIDIA GeForce RTX 5070 Ti,10.23,24.0,0.0,15.0,16303.0,90.18
2026-04-17 16:22:21,60.42,sensors:power1,35.2,2,NVIDIA GeForce RTX 5070 Ti,15.24,24.0,0.0,158.0,16303.0,90.18
2026-04-17 16:22:23,42.93,sensors:power1,35.1,0,NVIDIA GeForce RTX 5070 Ti,4.41,25.0,0.0,15.0,16303.0,73.36
2026-04-17 16:22:23,42.93,sensors:power1,35.1,1,NVIDIA GeForce RTX 5070 Ti,10.45,24.0,0.0,15.0,16303.0,73.36
2026-04-17 16:22:23,42.93,sensors:power1,35.1,2,NVIDIA GeForce RTX 5070 Ti,15.57,24.0,0.0,158.0,16303.0,73.36
2026-04-17 16:22:25,41.07,sensors:power1,35.0,0,NVIDIA GeForce RTX 5070 Ti,8.27,25.0,0.0,15.0,16303.0,77.28999999999999
2026-04-17 16:22:25,41.07,sensors:power1,35.0,1,NVIDIA GeForce RTX 5070 Ti,12.73,24.0,0.0,15.0,16303.0,77.28999999999999
2026-04-17 16:22:25,41.07,sensors:power1,35.0,2,NVIDIA GeForce RTX 5070 Ti,15.22,24.0,0.0,158.0,16303.0,77.28999999999999
2026-04-17 16:22:27,44.21,sensors:power1,35.0,0,NVIDIA GeForce RTX 5070 Ti,4.55,25.0,0.0,15.0,16303.0,74.03999999999999
2026-04-17 16:22:27,44.21,sensors:power1,35.0,1,NVIDIA GeForce RTX 5070 Ti,10.35,24.0,0.0,15.0,16303.0,74.03999999999999
2026-04-17 16:22:27,44.21,sensors:power1,35.0,2,NVIDIA GeForce RTX 5070 Ti,14.93,24.0,0.0,158.0,16303.0,74.03999999999999
2026-04-17 16:22:30,45.37,sensors:power1,35.0,0,NVIDIA GeForce RTX 5070 Ti,4.4,25.0,0.0,15.0,16303.0,75.38
2026-04-17 16:22:30,45.37,sensors:power1,35.0,1,NVIDIA GeForce RTX 5070 Ti,10.62,24.0,0.0,15.0,16303.0,75.38
2026-04-17 16:22:30,45.37,sensors:power1,35.0,2,NVIDIA GeForce RTX 5070 Ti,14.99,24.0,0.0,158.0,16303.0,75.38
2026-04-17 16:22:32,42.99,sensors:power1,35.0,0,NVIDIA GeForce RTX 5070 Ti,8.13,25.0,0.0,15.0,16303.0,78.92
2026-04-17 16:22:32,42.99,sensors:power1,35.0,1,NVIDIA GeForce RTX 5070 Ti,11.48,24.0,0.0,15.0,16303.0,78.92
2026-04-17 16:22:32,42.99,sensors:power1,35.0,2,NVIDIA GeForce RTX 5070 Ti,16.32,24.0,0.0,158.0,16303.0,78.92
