timestamp,base_shelly_power_w,aux_shelly_power_w,total_numerator_power_w,cpu_power_w,cpu_power_source,cpu_temp_c,total_gpu_power_w,compute_power_w,pue_proxy,running_avg_pue_proxy,energy_based_avg_pue_proxy,gpu_index,gpu_name,gpu_power_w,gpu_temp_c,gpu_util_percent,gpu_mem_used_mb,gpu_mem_total_mb,base_shelly_error,aux_shelly_error
2026-04-16 23:30:43,,99.5,99.5,53.9,sensors:power1,35.0,31.03,84.93,1.171553043683033,1.171553043683033,1.171553043683033,0,NVIDIA GeForce RTX 5070 Ti,4.77,26.0,0.0,15.0,16303.0,"HTTPConnectionPool(host='149.61.24.0', port=80): Max retries exceeded with url: /rpc/Shelly.GetStatus (Caused by ConnectTimeoutError(<HTTPConnection(host='149.61.24.0', port=80) at 0x7d061c833800>, 'Connection to 149.61.24.0 timed out. (connect timeout=5)'))",
2026-04-16 23:30:43,,99.5,99.5,53.9,sensors:power1,35.0,31.03,84.93,1.171553043683033,1.171553043683033,1.171553043683033,1,NVIDIA GeForce RTX 5070 Ti,10.9,24.0,0.0,15.0,16303.0,"HTTPConnectionPool(host='149.61.24.0', port=80): Max retries exceeded with url: /rpc/Shelly.GetStatus (Caused by ConnectTimeoutError(<HTTPConnection(host='149.61.24.0', port=80) at 0x7d061c833800>, 'Connection to 149.61.24.0 timed out. (connect timeout=5)'))",
2026-04-16 23:30:43,,99.5,99.5,53.9,sensors:power1,35.0,31.03,84.93,1.171553043683033,1.171553043683033,1.171553043683033,2,NVIDIA GeForce RTX 5070 Ti,15.36,25.0,0.0,153.0,16303.0,"HTTPConnectionPool(host='149.61.24.0', port=80): Max retries exceeded with url: /rpc/Shelly.GetStatus (Caused by ConnectTimeoutError(<HTTPConnection(host='149.61.24.0', port=80) at 0x7d061c833800>, 'Connection to 149.61.24.0 timed out. (connect timeout=5)'))",
2026-04-16 23:31:29,146.7,100.2,246.89999999999998,64.59,sensors:power1,35.8,37.44,102.03,2.4198765069097323,2.4198765069097323,2.4198765069097323,0,NVIDIA GeForce RTX 5070 Ti,8.59,26.0,0.0,15.0,16303.0,,
2026-04-16 23:31:29,146.7,100.2,246.89999999999998,64.59,sensors:power1,35.8,37.44,102.03,2.4198765069097323,2.4198765069097323,2.4198765069097323,1,NVIDIA GeForce RTX 5070 Ti,12.32,24.0,0.0,15.0,16303.0,,
2026-04-16 23:31:29,146.7,100.2,246.89999999999998,64.59,sensors:power1,35.8,37.44,102.03,2.4198765069097323,2.4198765069097323,2.4198765069097323,2,NVIDIA GeForce RTX 5070 Ti,16.53,25.0,0.0,153.0,16303.0,,
2026-04-16 23:31:31,152.8,100.0,252.8,60.2,sensors:power1,35.8,30.77,90.97,2.7789381114653184,2.5994073091875256,2.589119170984456,0,NVIDIA GeForce RTX 5070 Ti,4.82,26.0,0.0,15.0,16303.0,,
2026-04-16 23:31:31,152.8,100.0,252.8,60.2,sensors:power1,35.8,30.77,90.97,2.7789381114653184,2.5994073091875256,2.589119170984456,1,NVIDIA GeForce RTX 5070 Ti,10.41,24.0,0.0,15.0,16303.0,,
2026-04-16 23:31:31,152.8,100.0,252.8,60.2,sensors:power1,35.8,30.77,90.97,2.7789381114653184,2.5994073091875256,2.589119170984456,2,NVIDIA GeForce RTX 5070 Ti,15.54,25.0,0.0,153.0,16303.0,,
2026-04-16 23:31:33,139.1,100.2,239.3,55.56,sensors:power1,35.6,30.29,85.85,2.787419918462435,2.6620781789458285,2.6501703424780345,0,NVIDIA GeForce RTX 5070 Ti,4.68,26.0,0.0,15.0,16303.0,,
2026-04-16 23:31:33,139.1,100.2,239.3,55.56,sensors:power1,35.6,30.29,85.85,2.787419918462435,2.6620781789458285,2.6501703424780345,1,NVIDIA GeForce RTX 5070 Ti,10.36,24.0,0.0,15.0,16303.0,,
2026-04-16 23:31:33,139.1,100.2,239.3,55.56,sensors:power1,35.6,30.29,85.85,2.787419918462435,2.6620781789458285,2.6501703424780345,2,NVIDIA GeForce RTX 5070 Ti,15.25,25.0,0.0,153.0,16303.0,,
2026-04-16 23:31:36,137.2,100.5,237.7,58.07,sensors:power1,35.5,36.1,94.17,2.524158436869491,2.6275982434267444,2.6183582649723873,0,NVIDIA GeForce RTX 5070 Ti,8.2,26.0,0.0,15.0,16303.0,,
2026-04-16 23:31:36,137.2,100.5,237.7,58.07,sensors:power1,35.5,36.1,94.17,2.524158436869491,2.6275982434267444,2.6183582649723873,1,NVIDIA GeForce RTX 5070 Ti,11.6,24.0,0.0,15.0,16303.0,,
2026-04-16 23:31:36,137.2,100.5,237.7,58.07,sensors:power1,35.5,36.1,94.17,2.524158436869491,2.6275982434267444,2.6183582649723873,2,NVIDIA GeForce RTX 5070 Ti,16.3,25.0,0.0,153.0,16303.0,,
2026-04-16 23:31:38,139.7,100.3,240.0,50.64,sensors:power1,35.5,30.5,81.14,2.9578506285432584,2.693648720450047,2.6790118020081026,0,NVIDIA GeForce RTX 5070 Ti,4.73,26.0,0.0,15.0,16303.0,,
2026-04-16 23:31:38,139.7,100.3,240.0,50.64,sensors:power1,35.5,30.5,81.14,2.9578506285432584,2.693648720450047,2.6790118020081026,1,NVIDIA GeForce RTX 5070 Ti,10.53,24.0,0.0,15.0,16303.0,,
2026-04-16 23:31:38,139.7,100.3,240.0,50.64,sensors:power1,35.5,30.5,81.14,2.9578506285432584,2.693648720450047,2.6790118020081026,2,NVIDIA GeForce RTX 5070 Ti,15.24,25.0,0.0,153.0,16303.0,,
2026-04-16 23:31:40,147.1,100.7,247.8,53.31,sensors:power1,35.4,30.54,83.85,2.9552772808586765,2.7372534805181523,2.722068363041579,0,NVIDIA GeForce RTX 5070 Ti,4.79,26.0,0.0,15.0,16303.0,,
2026-04-16 23:31:40,147.1,100.7,247.8,53.31,sensors:power1,35.4,30.54,83.85,2.9552772808586765,2.7372534805181523,2.722068363041579,1,NVIDIA GeForce RTX 5070 Ti,10.72,24.0,0.0,15.0,16303.0,,
2026-04-16 23:31:40,147.1,100.7,247.8,53.31,sensors:power1,35.4,30.54,83.85,2.9552772808586765,2.7372534805181523,2.722068363041579,2,NVIDIA GeForce RTX 5070 Ti,15.03,25.0,0.0,153.0,16303.0,,
2026-04-16 23:31:43,136.5,101.0,237.5,53.47,sensors:power1,35.2,35.89,89.36,2.6577887197851386,2.7259013718420073,2.7129126352869917,0,NVIDIA GeForce RTX 5070 Ti,8.47,26.0,0.0,15.0,16303.0,,
2026-04-16 23:31:43,136.5,101.0,237.5,53.47,sensors:power1,35.2,35.89,89.36,2.6577887197851386,2.7259013718420073,2.7129126352869917,1,NVIDIA GeForce RTX 5070 Ti,11.26,24.0,0.0,15.0,16303.0,,
2026-04-16 23:31:43,136.5,101.0,237.5,53.47,sensors:power1,35.2,35.89,89.36,2.6577887197851386,2.7259013718420073,2.7129126352869917,2,NVIDIA GeForce RTX 5070 Ti,16.16,25.0,0.0,153.0,16303.0,,
2026-04-16 23:31:45,137.5,101.3,238.8,57.03,sensors:power1,35.2,30.82,87.85,2.7182697780307343,2.7249474226155983,2.7135706495903356,0,NVIDIA GeForce RTX 5070 Ti,4.53,26.0,0.0,15.0,16303.0,,
2026-04-16 23:31:45,137.5,101.3,238.8,57.03,sensors:power1,35.2,30.82,87.85,2.7182697780307343,2.7249474226155983,2.7135706495903356,1,NVIDIA GeForce RTX 5070 Ti,10.93,24.0,0.0,15.0,16303.0,,
2026-04-16 23:31:45,137.5,101.3,238.8,57.03,sensors:power1,35.2,30.82,87.85,2.7182697780307343,2.7249474226155983,2.7135706495903356,2,NVIDIA GeForce RTX 5070 Ti,15.36,25.0,0.0,153.0,16303.0,,
2026-04-16 23:31:47,138.5,101.6,240.1,60.01,sensors:power1,35.1,31.01,91.02,2.637881784223248,2.715273462794226,2.705025798769597,0,NVIDIA GeForce RTX 5070 Ti,4.69,26.0,0.0,15.0,16303.0,,
2026-04-16 23:31:47,138.5,101.6,240.1,60.01,sensors:power1,35.1,31.01,91.02,2.637881784223248,2.715273462794226,2.705025798769597,1,NVIDIA GeForce RTX 5070 Ti,10.86,24.0,0.0,15.0,16303.0,,
2026-04-16 23:31:47,138.5,101.6,240.1,60.01,sensors:power1,35.1,31.01,91.02,2.637881784223248,2.715273462794226,2.705025798769597,2,NVIDIA GeForce RTX 5070 Ti,15.46,25.0,0.0,153.0,16303.0,,
2026-04-16 23:31:49,142.1,102.4,244.5,59.41,sensors:power1,35.2,32.07,91.47999999999999,2.6727153476169656,2.7110176512765,2.7017332798645457,0,NVIDIA GeForce RTX 5070 Ti,5.45,26.0,0.0,15.0,16303.0,,
2026-04-16 23:31:49,142.1,102.4,244.5,59.41,sensors:power1,35.2,32.07,91.47999999999999,2.6727153476169656,2.7110176512765,2.7017332798645457,1,NVIDIA GeForce RTX 5070 Ti,10.81,24.0,0.0,15.0,16303.0,,
2026-04-16 23:31:49,142.1,102.4,244.5,59.41,sensors:power1,35.2,32.07,91.47999999999999,2.6727153476169656,2.7110176512765,2.7017332798645457,2,NVIDIA GeForce RTX 5070 Ti,15.81,25.0,0.0,153.0,16303.0,,
2026-04-16 23:31:51,147.0,102.4,249.4,61.66,sensors:power1,35.1,31.65,93.31,2.672811059907834,2.707544324788439,2.6990101207834276,0,NVIDIA GeForce RTX 5070 Ti,5.37,26.0,0.0,15.0,16303.0,,
2026-04-16 23:31:51,147.0,102.4,249.4,61.66,sensors:power1,35.1,31.65,93.31,2.672811059907834,2.707544324788439,2.6990101207834276,1,NVIDIA GeForce RTX 5070 Ti,10.91,24.0,0.0,15.0,16303.0,,
2026-04-16 23:31:51,147.0,102.4,249.4,61.66,sensors:power1,35.1,31.65,93.31,2.672811059907834,2.707544324788439,2.6990101207834276,2,NVIDIA GeForce RTX 5070 Ti,15.37,25.0,0.0,153.0,16303.0,,
2026-04-16 23:35:14,778.3,116.2,894.5,79.59,sensors:power1,43.8,573.76,653.35,1.3690977270987985,1.3690977270987985,1.3690977270987985,0,NVIDIA GeForce RTX 5070 Ti,271.63,48.0,100.0,14074.0,16303.0,,
2026-04-16 23:35:14,778.3,116.2,894.5,79.59,sensors:power1,43.8,573.76,653.35,1.3690977270987985,1.3690977270987985,1.3690977270987985,1,NVIDIA GeForce RTX 5070 Ti,287.01,45.0,100.0,14074.0,16303.0,,
2026-04-16 23:35:14,778.3,116.2,894.5,79.59,sensors:power1,43.8,573.76,653.35,1.3690977270987985,1.3690977270987985,1.3690977270987985,2,NVIDIA GeForce RTX 5070 Ti,15.12,26.0,0.0,153.0,16303.0,,
2026-04-16 23:35:17,781.1,116.5,897.6,78.71,sensors:power1,43.8,574.3,653.01,1.3745578168787616,1.3718277719887801,1.371827061453198,0,NVIDIA GeForce RTX 5070 Ti,271.88,48.0,100.0,14074.0,16303.0,,
2026-04-16 23:35:17,781.1,116.5,897.6,78.71,sensors:power1,43.8,574.3,653.01,1.3745578168787616,1.3718277719887801,1.371827061453198,1,NVIDIA GeForce RTX 5070 Ti,287.32,46.0,100.0,14074.0,16303.0,,
2026-04-16 23:35:17,781.1,116.5,897.6,78.71,sensors:power1,43.8,574.3,653.01,1.3745578168787616,1.3718277719887801,1.371827061453198,2,NVIDIA GeForce RTX 5070 Ti,15.1,26.0,0.0,153.0,16303.0,,
2026-04-16 23:35:19,779.6,116.6,896.2,78.77,sensors:power1,43.8,571.21,649.98,1.3788116557432537,1.3741557332402714,1.374147643047732,0,NVIDIA GeForce RTX 5070 Ti,270.5,48.0,100.0,14074.0,16303.0,,
2026-04-16 23:35:19,779.6,116.6,896.2,78.77,sensors:power1,43.8,571.21,649.98,1.3788116557432537,1.3741557332402714,1.374147643047732,1,NVIDIA GeForce RTX 5070 Ti,285.57,46.0,100.0,14074.0,16303.0,,
2026-04-16 23:35:19,779.6,116.6,896.2,78.77,sensors:power1,43.8,571.21,649.98,1.3788116557432537,1.3741557332402714,1.374147643047732,2,NVIDIA GeForce RTX 5070 Ti,15.14,26.0,0.0,153.0,16303.0,,
2026-04-16 23:35:21,777.5,117.2,894.7,78.82,sensors:power1,43.8,574.58,653.4000000000001,1.3692990511172327,1.3729415627095118,1.3729337022078827,0,NVIDIA GeForce RTX 5070 Ti,272.15,48.0,100.0,14074.0,16303.0,,
2026-04-16 23:35:21,777.5,117.2,894.7,78.82,sensors:power1,43.8,574.58,653.4000000000001,1.3692990511172327,1.3729415627095118,1.3729337022078827,1,NVIDIA GeForce RTX 5070 Ti,287.16,46.0,100.0,14074.0,16303.0,,
2026-04-16 23:35:21,777.5,117.2,894.7,78.82,sensors:power1,43.8,574.58,653.4000000000001,1.3692990511172327,1.3729415627095118,1.3729337022078827,2,NVIDIA GeForce RTX 5070 Ti,15.27,27.0,0.0,153.0,16303.0,,
2026-04-16 23:35:23,780.7,117.6,898.3000000000001,78.3,sensors:power1,43.8,574.42,652.7199999999999,1.3762409609020716,1.3736014423480238,1.3735953850775182,0,NVIDIA GeForce RTX 5070 Ti,272.05,48.0,100.0,14074.0,16303.0,,
2026-04-16 23:35:23,780.7,117.6,898.3000000000001,78.3,sensors:power1,43.8,574.42,652.7199999999999,1.3762409609020716,1.3736014423480238,1.3735953850775182,1,NVIDIA GeForce RTX 5070 Ti,287.14,46.0,100.0,14074.0,16303.0,,
2026-04-16 23:35:23,780.7,117.6,898.3000000000001,78.3,sensors:power1,43.8,574.42,652.7199999999999,1.3762409609020716,1.3736014423480238,1.3735953850775182,2,NVIDIA GeForce RTX 5070 Ti,15.23,27.0,0.0,153.0,16303.0,,
2026-04-16 23:35:25,777.2,117.1,894.3000000000001,77.67,sensors:power1,44.0,576.1500000000001,653.82,1.3678076534826098,1.3726358108704548,1.3726291276415374,0,NVIDIA GeForce RTX 5070 Ti,272.23,48.0,100.0,14074.0,16303.0,,
2026-04-16 23:35:25,777.2,117.1,894.3000000000001,77.67,sensors:power1,44.0,576.1500000000001,653.82,1.3678076534826098,1.3726358108704548,1.3726291276415374,1,NVIDIA GeForce RTX 5070 Ti,287.47,46.0,100.0,14074.0,16303.0,,
2026-04-16 23:35:25,777.2,117.1,894.3000000000001,77.67,sensors:power1,44.0,576.1500000000001,653.82,1.3678076534826098,1.3726358108704548,1.3726291276415374,2,NVIDIA GeForce RTX 5070 Ti,16.45,27.0,0.0,153.0,16303.0,,
2026-04-16 23:35:28,781.3,117.0,898.3,78.34,sensors:power1,44.0,574.99,653.33,1.374955994673442,1.372967265699453,1.372961806368596,0,NVIDIA GeForce RTX 5070 Ti,272.12,48.0,100.0,14074.0,16303.0,,
2026-04-16 23:35:28,781.3,117.0,898.3,78.34,sensors:power1,44.0,574.99,653.33,1.374955994673442,1.372967265699453,1.372961806368596,1,NVIDIA GeForce RTX 5070 Ti,287.36,46.0,100.0,14074.0,16303.0,,
2026-04-16 23:35:28,781.3,117.0,898.3,78.34,sensors:power1,44.0,574.99,653.33,1.374955994673442,1.372967265699453,1.372961806368596,2,NVIDIA GeForce RTX 5070 Ti,15.51,27.0,0.0,153.0,16303.0,,
2026-04-16 23:35:30,783.5,118.1,901.6,77.63,sensors:power1,44.1,571.92,649.55,1.3880378723731817,1.3748510915336691,1.3748380965519356,0,NVIDIA GeForce RTX 5070 Ti,270.66,48.0,100.0,14074.0,16303.0,,
2026-04-16 23:35:30,783.5,118.1,901.6,77.63,sensors:power1,44.1,571.92,649.55,1.3880378723731817,1.3748510915336691,1.3748380965519356,1,NVIDIA GeForce RTX 5070 Ti,285.71,46.0,100.0,14074.0,16303.0,,
2026-04-16 23:35:30,783.5,118.1,901.6,77.63,sensors:power1,44.1,571.92,649.55,1.3880378723731817,1.3748510915336691,1.3748380965519356,2,NVIDIA GeForce RTX 5070 Ti,15.55,27.0,0.0,153.0,16303.0,,
2026-04-16 23:35:32,779.2,117.8,897.0,78.67,sensors:power1,44.2,576.0,654.67,1.370155956436067,1.3743294098561578,1.374316246810003,0,NVIDIA GeForce RTX 5070 Ti,272.26,48.0,100.0,14074.0,16303.0,,
2026-04-16 23:35:32,779.2,117.8,897.0,78.67,sensors:power1,44.2,576.0,654.67,1.370155956436067,1.3743294098561578,1.374316246810003,1,NVIDIA GeForce RTX 5070 Ti,287.16,46.0,100.0,14074.0,16303.0,,
2026-04-16 23:35:32,779.2,117.8,897.0,78.67,sensors:power1,44.2,576.0,654.67,1.370155956436067,1.3743294098561578,1.374316246810003,2,NVIDIA GeForce RTX 5070 Ti,16.58,27.0,0.0,153.0,16303.0,,
2026-04-16 23:35:34,779.0,118.0,897.0,69.61,sensors:power1,44.2,574.89,644.5,1.3917765709852599,1.3760741259690679,1.3760426366876177,0,NVIDIA GeForce RTX 5070 Ti,272.56,48.0,100.0,14074.0,16303.0,,
2026-04-16 23:35:34,779.0,118.0,897.0,69.61,sensors:power1,44.2,574.89,644.5,1.3917765709852599,1.3760741259690679,1.3760426366876177,1,NVIDIA GeForce RTX 5070 Ti,286.9,46.0,100.0,14074.0,16303.0,,
2026-04-16 23:35:34,779.0,118.0,897.0,69.61,sensors:power1,44.2,574.89,644.5,1.3917765709852599,1.3760741259690679,1.3760426366876177,2,NVIDIA GeForce RTX 5070 Ti,15.43,27.0,0.0,153.0,16303.0,,
2026-04-16 23:35:36,776.2,117.6,893.8000000000001,79.21,sensors:power1,44.2,573.35,652.5600000000001,1.369682481304401,1.375493067363189,1.3754638545564075,0,NVIDIA GeForce RTX 5070 Ti,270.76,48.0,100.0,14074.0,16303.0,,
2026-04-16 23:35:36,776.2,117.6,893.8000000000001,79.21,sensors:power1,44.2,573.35,652.5600000000001,1.369682481304401,1.375493067363189,1.3754638545564075,1,NVIDIA GeForce RTX 5070 Ti,286.98,46.0,100.0,14074.0,16303.0,,
2026-04-16 23:35:36,776.2,117.6,893.8000000000001,79.21,sensors:power1,44.2,573.35,652.5600000000001,1.369682481304401,1.375493067363189,1.3754638545564075,2,NVIDIA GeForce RTX 5070 Ti,15.61,27.0,0.0,153.0,16303.0,,
2026-04-16 23:35:39,782.3,117.9,900.1999999999999,74.36,sensors:power1,44.4,575.4200000000001,649.7800000000001,1.3853919788236015,1.376317976651557,1.3762887322953148,0,NVIDIA GeForce RTX 5070 Ti,272.61,48.0,100.0,14074.0,16303.0,,
2026-04-16 23:35:39,782.3,117.9,900.1999999999999,74.36,sensors:power1,44.4,575.4200000000001,649.7800000000001,1.3853919788236015,1.376317976651557,1.3762887322953148,1,NVIDIA GeForce RTX 5070 Ti,287.11,46.0,100.0,14074.0,16303.0,,
2026-04-16 23:35:39,782.3,117.9,900.1999999999999,74.36,sensors:power1,44.4,575.4200000000001,649.7800000000001,1.3853919788236015,1.376317976651557,1.3762887322953148,2,NVIDIA GeForce RTX 5070 Ti,15.7,27.0,0.0,153.0,16303.0,,
2026-04-16 23:35:41,778.7,118.3,897.0,80.08,sensors:power1,44.4,575.3299999999999,655.41,1.368608962328924,1.375724975549816,1.3756948966975298,0,NVIDIA GeForce RTX 5070 Ti,272.77,48.0,100.0,14074.0,16303.0,,
2026-04-16 23:35:41,778.7,118.3,897.0,80.08,sensors:power1,44.4,575.3299999999999,655.41,1.368608962328924,1.375724975549816,1.3756948966975298,1,NVIDIA GeForce RTX 5070 Ti,287.15,46.0,100.0,14074.0,16303.0,,
2026-04-16 23:35:41,778.7,118.3,897.0,80.08,sensors:power1,44.4,575.3299999999999,655.41,1.368608962328924,1.375724975549816,1.3756948966975298,2,NVIDIA GeForce RTX 5070 Ti,15.41,27.0,0.0,153.0,16303.0,,
2026-04-16 23:35:43,769.7,118.6,888.3000000000001,79.57,sensors:power1,44.5,574.85,654.4200000000001,1.3573851654900522,1.3744149891169755,1.3743825639340668,0,NVIDIA GeForce RTX 5070 Ti,272.48,48.0,100.0,14074.0,16303.0,,
2026-04-16 23:35:43,769.7,118.6,888.3000000000001,79.57,sensors:power1,44.5,574.85,654.4200000000001,1.3573851654900522,1.3744149891169755,1.3743825639340668,1,NVIDIA GeForce RTX 5070 Ti,287.06,46.0,100.0,14074.0,16303.0,,
2026-04-16 23:35:43,769.7,118.6,888.3000000000001,79.57,sensors:power1,44.5,574.85,654.4200000000001,1.3573851654900522,1.3744149891169755,1.3743825639340668,2,NVIDIA GeForce RTX 5070 Ti,15.31,27.0,0.0,153.0,16303.0,,
2026-04-16 23:35:45,784.3,118.8,903.0999999999999,78.81,sensors:power1,44.6,575.35,654.1600000000001,1.380549101137336,1.374823929918333,1.3747948319103573,0,NVIDIA GeForce RTX 5070 Ti,272.54,48.0,100.0,14074.0,16303.0,,
2026-04-16 23:35:45,784.3,118.8,903.0999999999999,78.81,sensors:power1,44.6,575.35,654.1600000000001,1.380549101137336,1.374823929918333,1.3747948319103573,1,NVIDIA GeForce RTX 5070 Ti,287.09,46.0,100.0,14074.0,16303.0,,
2026-04-16 23:35:45,784.3,118.8,903.0999999999999,78.81,sensors:power1,44.6,575.35,654.1600000000001,1.380549101137336,1.374823929918333,1.3747948319103573,2,NVIDIA GeForce RTX 5070 Ti,15.72,27.0,0.0,153.0,16303.0,,
2026-04-16 23:35:47,785.0,119.1,904.1,79.12,sensors:power1,44.8,571.9399999999999,651.06,1.3886584953767704,1.3756885902594853,1.3756597532321677,0,NVIDIA GeForce RTX 5070 Ti,270.92,48.0,100.0,14074.0,16303.0,,
2026-04-16 23:35:47,785.0,119.1,904.1,79.12,sensors:power1,44.8,571.9399999999999,651.06,1.3886584953767704,1.3756885902594853,1.3756597532321677,1,NVIDIA GeForce RTX 5070 Ti,285.28,46.0,100.0,14074.0,16303.0,,
2026-04-16 23:35:47,785.0,119.1,904.1,79.12,sensors:power1,44.8,571.9399999999999,651.06,1.3886584953767704,1.3756885902594853,1.3756597532321677,2,NVIDIA GeForce RTX 5070 Ti,15.74,27.0,0.0,153.0,16303.0,,
2026-04-16 23:35:49,781.7,119.4,901.1,77.87,sensors:power1,44.8,575.92,653.79,1.3782713103595956,1.3758405149712567,1.3758137194519864,0,NVIDIA GeForce RTX 5070 Ti,272.82,48.0,100.0,14074.0,16303.0,,
2026-04-16 23:35:49,781.7,119.4,901.1,77.87,sensors:power1,44.8,575.92,653.79,1.3782713103595956,1.3758405149712567,1.3758137194519864,1,NVIDIA GeForce RTX 5070 Ti,287.31,46.0,100.0,14074.0,16303.0,,
2026-04-16 23:35:49,781.7,119.4,901.1,77.87,sensors:power1,44.8,575.92,653.79,1.3782713103595956,1.3758405149712567,1.3758137194519864,2,NVIDIA GeForce RTX 5070 Ti,15.79,27.0,0.0,153.0,16303.0,,
2026-04-16 23:35:52,780.8,119.3,900.0999999999999,79.76,sensors:power1,44.8,575.61,655.37,1.3734226467491644,1.3757061889589182,1.375680296435553,0,NVIDIA GeForce RTX 5070 Ti,272.73,49.0,100.0,14074.0,16303.0,,
2026-04-16 23:35:52,780.8,119.3,900.0999999999999,79.76,sensors:power1,44.8,575.61,655.37,1.3734226467491644,1.3757061889589182,1.375680296435553,1,NVIDIA GeForce RTX 5070 Ti,287.17,46.0,100.0,14074.0,16303.0,,
2026-04-16 23:35:52,780.8,119.3,900.0999999999999,79.76,sensors:power1,44.8,575.61,655.37,1.3734226467491644,1.3757061889589182,1.375680296435553,2,NVIDIA GeForce RTX 5070 Ti,15.71,27.0,0.0,153.0,16303.0,,
2026-04-16 23:35:54,780.3,119.1,899.4,78.02,sensors:power1,44.9,576.8,654.8199999999999,1.3735072233590913,1.3755904539273485,1.3755655378759162,0,NVIDIA GeForce RTX 5070 Ti,272.95,49.0,100.0,14074.0,16303.0,,
2026-04-16 23:35:54,780.3,119.1,899.4,78.02,sensors:power1,44.9,576.8,654.8199999999999,1.3735072233590913,1.3755904539273485,1.3755655378759162,1,NVIDIA GeForce RTX 5070 Ti,287.17,46.0,100.0,14074.0,16303.0,,
2026-04-16 23:35:54,780.3,119.1,899.4,78.02,sensors:power1,44.9,576.8,654.8199999999999,1.3735072233590913,1.3755904539273485,1.3755655378759162,2,NVIDIA GeForce RTX 5070 Ti,16.68,27.0,0.0,153.0,16303.0,,
2026-04-16 23:35:56,780.9,119.3,900.1999999999999,78.06,sensors:power1,45.0,575.6899999999999,653.75,1.3769789674952198,1.375659879605742,1.375636326028751,0,NVIDIA GeForce RTX 5070 Ti,272.78,49.0,100.0,14074.0,16303.0,,
2026-04-16 23:35:56,780.9,119.3,900.1999999999999,78.06,sensors:power1,45.0,575.6899999999999,653.75,1.3769789674952198,1.375659879605742,1.375636326028751,1,NVIDIA GeForce RTX 5070 Ti,287.17,46.0,100.0,14074.0,16303.0,,
2026-04-16 23:35:56,780.9,119.3,900.1999999999999,78.06,sensors:power1,45.0,575.6899999999999,653.75,1.3769789674952198,1.375659879605742,1.375636326028751,2,NVIDIA GeForce RTX 5070 Ti,15.74,28.0,0.0,153.0,16303.0,,
2026-04-16 23:35:58,782.1,119.1,901.2,78.05,sensors:power1,45.0,574.39,652.4399999999999,1.3812764392128014,1.3759273348251257,1.375904811726929,0,NVIDIA GeForce RTX 5070 Ti,272.85,49.0,100.0,14074.0,16303.0,,
2026-04-16 23:35:58,782.1,119.1,901.2,78.05,sensors:power1,45.0,574.39,652.4399999999999,1.3812764392128014,1.3759273348251257,1.375904811726929,1,NVIDIA GeForce RTX 5070 Ti,285.9,46.0,100.0,14074.0,16303.0,,
2026-04-16 23:35:58,782.1,119.1,901.2,78.05,sensors:power1,45.0,574.39,652.4399999999999,1.3812764392128014,1.3759273348251257,1.375904811726929,2,NVIDIA GeForce RTX 5070 Ti,15.64,28.0,0.0,153.0,16303.0,,
2026-04-16 23:36:01,780.6,118.5,899.1,77.84,sensors:power1,45.0,576.62,654.46,1.373804357791156,1.375830835869036,1.3758090854331544,0,NVIDIA GeForce RTX 5070 Ti,272.73,49.0,100.0,14074.0,16303.0,,
2026-04-16 23:36:01,780.6,118.5,899.1,77.84,sensors:power1,45.0,576.62,654.46,1.373804357791156,1.375830835869036,1.3758090854331544,1,NVIDIA GeForce RTX 5070 Ti,287.47,46.0,100.0,14074.0,16303.0,,
2026-04-16 23:36:01,780.6,118.5,899.1,77.84,sensors:power1,45.0,576.62,654.46,1.373804357791156,1.375830835869036,1.3758090854331544,2,NVIDIA GeForce RTX 5070 Ti,16.42,28.0,0.0,153.0,16303.0,,
2026-04-16 23:36:03,783.5,119.7,903.2,77.87,sensors:power1,45.0,576.02,653.89,1.3812720794017344,1.3760674116748057,1.3760470060422638,0,NVIDIA GeForce RTX 5070 Ti,273.07,49.0,100.0,14074.0,16303.0,,
2026-04-16 23:36:03,783.5,119.7,903.2,77.87,sensors:power1,45.0,576.02,653.89,1.3812720794017344,1.3760674116748057,1.3760470060422638,1,NVIDIA GeForce RTX 5070 Ti,287.28,46.0,100.0,14074.0,16303.0,,
2026-04-16 23:36:03,783.5,119.7,903.2,77.87,sensors:power1,45.0,576.02,653.89,1.3812720794017344,1.3760674116748057,1.3760470060422638,2,NVIDIA GeForce RTX 5070 Ti,15.67,28.0,0.0,153.0,16303.0,,
2026-04-16 23:36:05,782.4,120.1,902.5,77.59,sensors:power1,45.1,574.72,652.3100000000001,1.3835446336864372,1.3763789625919571,1.3763591856535102,0,NVIDIA GeForce RTX 5070 Ti,271.39,49.0,100.0,14074.0,16303.0,,
2026-04-16 23:36:05,782.4,120.1,902.5,77.59,sensors:power1,45.1,574.72,652.3100000000001,1.3835446336864372,1.3763789625919571,1.3763591856535102,1,NVIDIA GeForce RTX 5070 Ti,287.5,46.0,100.0,14074.0,16303.0,,
2026-04-16 23:36:05,782.4,120.1,902.5,77.59,sensors:power1,45.1,574.72,652.3100000000001,1.3835446336864372,1.3763789625919571,1.3763591856535102,2,NVIDIA GeForce RTX 5070 Ti,15.83,28.0,0.0,153.0,16303.0,,
2026-04-16 23:36:07,782.8,119.6,902.4,78.43,sensors:power1,45.2,576.4300000000001,654.8600000000001,1.378004458968329,1.3764439824470118,1.376425198558213,0,NVIDIA GeForce RTX 5070 Ti,273.05,49.0,100.0,14074.0,16303.0,,
2026-04-16 23:36:07,782.8,119.6,902.4,78.43,sensors:power1,45.2,576.4300000000001,654.8600000000001,1.378004458968329,1.3764439824470118,1.376425198558213,1,NVIDIA GeForce RTX 5070 Ti,287.55,47.0,100.0,14074.0,16303.0,,
2026-04-16 23:36:07,782.8,119.6,902.4,78.43,sensors:power1,45.2,576.4300000000001,654.8600000000001,1.378004458968329,1.3764439824470118,1.376425198558213,2,NVIDIA GeForce RTX 5070 Ti,15.83,28.0,0.0,153.0,16303.0,,
2026-04-16 23:36:09,782.9,120.1,903.0,78.62,sensors:power1,45.2,574.72,653.34,1.3821287537882265,1.3766626274985971,1.3766447223081344,0,NVIDIA GeForce RTX 5070 Ti,273.16,49.0,100.0,14074.0,16303.0,,
2026-04-16 23:36:09,782.9,120.1,903.0,78.62,sensors:power1,45.2,574.72,653.34,1.3821287537882265,1.3766626274985971,1.3766447223081344,1,NVIDIA GeForce RTX 5070 Ti,285.93,46.0,100.0,14074.0,16303.0,,
2026-04-16 23:36:09,782.9,120.1,903.0,78.62,sensors:power1,45.2,574.72,653.34,1.3821287537882265,1.3766626274985971,1.3766447223081344,2,NVIDIA GeForce RTX 5070 Ti,15.63,28.0,0.0,153.0,16303.0,,
2026-04-16 23:36:12,780.6,120.1,900.7,80.07,sensors:power1,45.2,576.04,656.1099999999999,1.3727880995564772,1.376519126463704,1.376501203004278,0,NVIDIA GeForce RTX 5070 Ti,273.01,49.0,100.0,14074.0,16303.0,,
2026-04-16 23:36:12,780.6,120.1,900.7,80.07,sensors:power1,45.2,576.04,656.1099999999999,1.3727880995564772,1.376519126463704,1.376501203004278,1,NVIDIA GeForce RTX 5070 Ti,287.73,47.0,100.0,14074.0,16303.0,,
2026-04-16 23:36:12,780.6,120.1,900.7,80.07,sensors:power1,45.2,576.04,656.1099999999999,1.3727880995564772,1.376519126463704,1.376501203004278,2,NVIDIA GeForce RTX 5070 Ti,15.3,28.0,0.0,153.0,16303.0,,
2026-04-16 23:36:14,784.9,120.6,905.5,79.13,sensors:power1,45.4,576.26,655.39,1.3816201040601779,1.3767013042350065,1.3766846674413837,0,NVIDIA GeForce RTX 5070 Ti,272.93,49.0,100.0,14074.0,16303.0,,
2026-04-16 23:36:14,784.9,120.6,905.5,79.13,sensors:power1,45.4,576.26,655.39,1.3816201040601779,1.3767013042350065,1.3766846674413837,1,NVIDIA GeForce RTX 5070 Ti,287.63,47.0,100.0,14074.0,16303.0,,
2026-04-16 23:36:14,784.9,120.6,905.5,79.13,sensors:power1,45.4,576.26,655.39,1.3816201040601779,1.3767013042350065,1.3766846674413837,2,NVIDIA GeForce RTX 5070 Ti,15.7,28.0,0.0,153.0,16303.0,,
2026-04-16 23:36:16,784.3,120.8,905.0999999999999,79.81,sensors:power1,45.5,572.94,652.75,1.3865951742627345,1.3770424721669974,1.3770262421458368,0,NVIDIA GeForce RTX 5070 Ti,271.35,49.0,100.0,14074.0,16303.0,,
2026-04-16 23:36:16,784.3,120.8,905.0999999999999,79.81,sensors:power1,45.5,572.94,652.75,1.3865951742627345,1.3770424721669974,1.3770262421458368,1,NVIDIA GeForce RTX 5070 Ti,286.0,47.0,100.0,14074.0,16303.0,,
2026-04-16 23:36:16,784.3,120.8,905.0999999999999,79.81,sensors:power1,45.5,572.94,652.75,1.3865951742627345,1.3770424721669974,1.3770262421458368,2,NVIDIA GeForce RTX 5070 Ti,15.59,28.0,0.0,153.0,16303.0,,
2026-04-16 23:36:18,783.0,120.9,903.9,79.35,sensors:power1,45.5,576.46,655.8100000000001,1.3782955429163932,1.377084241191977,1.3770687238100294,0,NVIDIA GeForce RTX 5070 Ti,273.24,49.0,100.0,14074.0,16303.0,,
2026-04-16 23:36:18,783.0,120.9,903.9,79.35,sensors:power1,45.5,576.46,655.8100000000001,1.3782955429163932,1.377084241191977,1.3770687238100294,1,NVIDIA GeForce RTX 5070 Ti,287.65,47.0,100.0,14074.0,16303.0,,
2026-04-16 23:36:18,783.0,120.9,903.9,79.35,sensors:power1,45.5,576.46,655.8100000000001,1.3782955429163932,1.377084241191977,1.3770687238100294,2,NVIDIA GeForce RTX 5070 Ti,15.57,28.0,0.0,153.0,16303.0,,
2026-04-16 23:36:20,785.8,121.1,906.9,79.17,sensors:power1,45.5,575.97,655.14,1.384284275116769,1.3773165003508414,1.3773021661781883,0,NVIDIA GeForce RTX 5070 Ti,273.12,49.0,100.0,14074.0,16303.0,,
2026-04-16 23:36:20,785.8,121.1,906.9,79.17,sensors:power1,45.5,575.97,655.14,1.384284275116769,1.3773165003508414,1.3773021661781883,1,NVIDIA GeForce RTX 5070 Ti,287.53,47.0,100.0,14074.0,16303.0,,
2026-04-16 23:36:20,785.8,121.1,906.9,79.17,sensors:power1,45.5,575.97,655.14,1.384284275116769,1.3773165003508414,1.3773021661781883,2,NVIDIA GeForce RTX 5070 Ti,15.32,28.0,0.0,153.0,16303.0,,
2026-04-16 23:36:23,779.0,121.1,900.1,78.95,sensors:power1,45.5,575.63,654.58,1.3750802041003392,1.3772466160930132,1.377232590256753,0,NVIDIA GeForce RTX 5070 Ti,271.74,49.0,100.0,14074.0,16303.0,,
2026-04-16 23:36:23,779.0,121.1,900.1,78.95,sensors:power1,45.5,575.63,654.58,1.3750802041003392,1.3772466160930132,1.377232590256753,1,NVIDIA GeForce RTX 5070 Ti,287.67,47.0,100.0,14074.0,16303.0,,
2026-04-16 23:36:23,779.0,121.1,900.1,78.95,sensors:power1,45.5,575.63,654.58,1.3750802041003392,1.3772466160930132,1.377232590256753,2,NVIDIA GeForce RTX 5070 Ti,16.22,28.0,0.0,153.0,16303.0,,
2026-04-16 23:36:25,783.2,121.7,904.9000000000001,79.23,sensors:power1,45.6,575.91,655.14,1.3812314925054188,1.3773673699236924,1.3773541060693417,0,NVIDIA GeForce RTX 5070 Ti,273.07,49.0,100.0,14074.0,16303.0,,
2026-04-16 23:36:25,783.2,121.7,904.9000000000001,79.23,sensors:power1,45.6,575.91,655.14,1.3812314925054188,1.3773673699236924,1.3773541060693417,1,NVIDIA GeForce RTX 5070 Ti,287.63,47.0,100.0,14074.0,16303.0,,
2026-04-16 23:36:25,783.2,121.7,904.9000000000001,79.23,sensors:power1,45.6,575.91,655.14,1.3812314925054188,1.3773673699236924,1.3773541060693417,2,NVIDIA GeForce RTX 5070 Ti,15.21,28.0,0.0,153.0,16303.0,,
2026-04-16 23:36:27,781.7,121.8,903.5,78.83,sensors:power1,45.6,574.85,653.6800000000001,1.3821747644107207,1.3775087638791932,1.3774959652641319,0,NVIDIA GeForce RTX 5070 Ti,273.2,49.0,100.0,14074.0,16303.0,,
2026-04-16 23:36:27,781.7,121.8,903.5,78.83,sensors:power1,45.6,574.85,653.6800000000001,1.3821747644107207,1.3775087638791932,1.3774959652641319,1,NVIDIA GeForce RTX 5070 Ti,286.3,47.0,100.0,14074.0,16303.0,,
2026-04-16 23:36:27,781.7,121.8,903.5,78.83,sensors:power1,45.6,574.85,653.6800000000001,1.3821747644107207,1.3775087638791932,1.3774959652641319,2,NVIDIA GeForce RTX 5070 Ti,15.35,28.0,0.0,153.0,16303.0,,
2026-04-16 23:36:29,784.3,121.8,906.0999999999999,77.79,sensors:power1,45.8,576.8199999999999,654.6099999999999,1.3841829486258994,1.377699454871956,1.3776873844453112,0,NVIDIA GeForce RTX 5070 Ti,273.15,49.0,100.0,14074.0,16303.0,,
2026-04-16 23:36:29,784.3,121.8,906.0999999999999,77.79,sensors:power1,45.8,576.8199999999999,654.6099999999999,1.3841829486258994,1.377699454871956,1.3776873844453112,1,NVIDIA GeForce RTX 5070 Ti,287.87,47.0,100.0,14074.0,16303.0,,
2026-04-16 23:36:29,784.3,121.8,906.0999999999999,77.79,sensors:power1,45.8,576.8199999999999,654.6099999999999,1.3841829486258994,1.377699454871956,1.3776873844453112,2,NVIDIA GeForce RTX 5070 Ti,15.8,28.0,0.0,153.0,16303.0,,
2026-04-16 23:36:31,785.3,121.8,907.0999999999999,78.37,sensors:power1,45.9,576.37,654.74,1.3854354400219933,1.377914343348346,1.3779030468441122,0,NVIDIA GeForce RTX 5070 Ti,273.18,49.0,100.0,14074.0,16303.0,,
2026-04-16 23:36:31,785.3,121.8,907.0999999999999,78.37,sensors:power1,45.9,576.37,654.74,1.3854354400219933,1.377914343348346,1.3779030468441122,1,NVIDIA GeForce RTX 5070 Ti,287.78,47.0,100.0,14074.0,16303.0,,
2026-04-16 23:36:31,785.3,121.8,907.0999999999999,78.37,sensors:power1,45.9,576.37,654.74,1.3854354400219933,1.377914343348346,1.3779030468441122,2,NVIDIA GeForce RTX 5070 Ti,15.41,28.0,0.0,153.0,16303.0,,
2026-04-16 23:36:33,783.8,121.9,905.6999999999999,79.37,sensors:power1,45.9,575.0,654.37,1.3840793434906855,1.3780809649738146,1.378070212809079,0,NVIDIA GeForce RTX 5070 Ti,271.81,49.0,100.0,14074.0,16303.0,,
2026-04-16 23:36:33,783.8,121.9,905.6999999999999,79.37,sensors:power1,45.9,575.0,654.37,1.3840793434906855,1.3780809649738146,1.378070212809079,1,NVIDIA GeForce RTX 5070 Ti,287.85,47.0,100.0,14074.0,16303.0,,
2026-04-16 23:36:33,783.8,121.9,905.6999999999999,79.37,sensors:power1,45.9,575.0,654.37,1.3840793434906855,1.3780809649738146,1.378070212809079,2,NVIDIA GeForce RTX 5070 Ti,15.34,28.0,0.0,153.0,16303.0,,
2026-04-16 23:36:36,785.4,121.8,907.1999999999999,78.35,sensors:power1,45.9,576.47,654.82,1.3854188937417915,1.3782740683624457,1.3782639984310496,0,NVIDIA GeForce RTX 5070 Ti,273.23,49.0,100.0,14074.0,16303.0,,
2026-04-16 23:36:36,785.4,121.8,907.1999999999999,78.35,sensors:power1,45.9,576.47,654.82,1.3854188937417915,1.3782740683624457,1.3782639984310496,1,NVIDIA GeForce RTX 5070 Ti,287.83,47.0,100.0,14074.0,16303.0,,
2026-04-16 23:36:36,785.4,121.8,907.1999999999999,78.35,sensors:power1,45.9,576.47,654.82,1.3854188937417915,1.3782740683624457,1.3782639984310496,2,NVIDIA GeForce RTX 5070 Ti,15.41,28.0,0.0,153.0,16303.0,,
2026-04-16 23:36:38,786.3,121.8,908.0999999999999,78.54,sensors:power1,45.9,575.0,653.54,1.3895094408911466,1.3785621548375404,1.378552372865594,0,NVIDIA GeForce RTX 5070 Ti,273.44,50.0,100.0,14074.0,16303.0,,
2026-04-16 23:36:38,786.3,121.8,908.0999999999999,78.54,sensors:power1,45.9,575.0,653.54,1.3895094408911466,1.3785621548375404,1.378552372865594,1,NVIDIA GeForce RTX 5070 Ti,286.16,47.0,100.0,14074.0,16303.0,,
2026-04-16 23:36:38,786.3,121.8,908.0999999999999,78.54,sensors:power1,45.9,575.0,653.54,1.3895094408911466,1.3785621548375404,1.378552372865594,2,NVIDIA GeForce RTX 5070 Ti,15.4,28.0,0.0,153.0,16303.0,,
2026-04-16 23:36:40,781.3,122.0,903.3,78.33,sensors:power1,46.0,575.15,653.48,1.382291730427863,1.3786553942272985,1.378645857841815,0,NVIDIA GeForce RTX 5070 Ti,271.87,50.0,100.0,14074.0,16303.0,,
2026-04-16 23:36:40,781.3,122.0,903.3,78.33,sensors:power1,46.0,575.15,653.48,1.382291730427863,1.3786553942272985,1.378645857841815,1,NVIDIA GeForce RTX 5070 Ti,287.87,47.0,100.0,14074.0,16303.0,,
2026-04-16 23:36:40,781.3,122.0,903.3,78.33,sensors:power1,46.0,575.15,653.48,1.382291730427863,1.3786553942272985,1.378645857841815,2,NVIDIA GeForce RTX 5070 Ti,15.41,28.0,0.0,153.0,16303.0,,
2026-04-16 23:36:42,785.8,122.1,907.9,78.41,sensors:power1,46.1,576.9,655.31,1.3854511605194488,1.3788211446246683,1.3788122960847524,0,NVIDIA GeForce RTX 5070 Ti,273.41,50.0,100.0,14074.0,16303.0,,
2026-04-16 23:36:42,785.8,122.1,907.9,78.41,sensors:power1,46.1,576.9,655.31,1.3854511605194488,1.3788211446246683,1.3788122960847524,1,NVIDIA GeForce RTX 5070 Ti,288.06,47.0,100.0,14074.0,16303.0,,
2026-04-16 23:36:42,785.8,122.1,907.9,78.41,sensors:power1,46.1,576.9,655.31,1.3854511605194488,1.3788211446246683,1.3788122960847524,2,NVIDIA GeForce RTX 5070 Ti,15.43,28.0,0.0,153.0,16303.0,,
2026-04-16 23:36:44,784.2,122.0,906.2,76.78,sensors:power1,46.1,577.25,654.03,1.3855633533629956,1.3789816734041522,1.3789731585802372,0,NVIDIA GeForce RTX 5070 Ti,273.64,50.0,100.0,14074.0,16303.0,,
2026-04-16 23:36:44,784.2,122.0,906.2,76.78,sensors:power1,46.1,577.25,654.03,1.3855633533629956,1.3789816734041522,1.3789731585802372,1,NVIDIA GeForce RTX 5070 Ti,287.92,47.0,100.0,14074.0,16303.0,,
2026-04-16 23:36:44,784.2,122.0,906.2,76.78,sensors:power1,46.1,577.25,654.03,1.3855633533629956,1.3789816734041522,1.3789731585802372,2,NVIDIA GeForce RTX 5070 Ti,15.69,29.0,0.0,153.0,16303.0,,
2026-04-16 23:36:47,782.3,122.4,904.6999999999999,77.83,sensors:power1,46.0,577.04,654.87,1.3814955640050697,1.3790401359762667,1.3790319366675299,0,NVIDIA GeForce RTX 5070 Ti,273.51,50.0,100.0,14074.0,16303.0,,
2026-04-16 23:36:47,782.3,122.4,904.6999999999999,77.83,sensors:power1,46.0,577.04,654.87,1.3814955640050697,1.3790401359762667,1.3790319366675299,1,NVIDIA GeForce RTX 5070 Ti,287.93,47.0,100.0,14074.0,16303.0,,
2026-04-16 23:36:47,782.3,122.4,904.6999999999999,77.83,sensors:power1,46.0,577.04,654.87,1.3814955640050697,1.3790401359762667,1.3790319366675299,2,NVIDIA GeForce RTX 5070 Ti,15.6,29.0,0.0,153.0,16303.0,,
2026-04-16 23:36:49,778.8,122.2,901.0,79.74,sensors:power1,46.1,576.89,656.63,1.3721578362243576,1.3788837200728141,1.3788749902207076,0,NVIDIA GeForce RTX 5070 Ti,273.52,50.0,100.0,14074.0,16303.0,,
2026-04-16 23:36:49,778.8,122.2,901.0,79.74,sensors:power1,46.1,576.89,656.63,1.3721578362243576,1.3788837200728141,1.3788749902207076,1,NVIDIA GeForce RTX 5070 Ti,287.95,47.0,100.0,14074.0,16303.0,,
2026-04-16 23:36:49,778.8,122.2,901.0,79.74,sensors:power1,46.1,576.89,656.63,1.3721578362243576,1.3788837200728141,1.3788749902207076,2,NVIDIA GeForce RTX 5070 Ti,15.42,29.0,0.0,153.0,16303.0,,
2026-04-16 23:36:51,786.7,122.3,909.0,80.76,sensors:power1,46.1,576.08,656.84,1.3838986663418793,1.3789951633232378,1.378987163365978,0,NVIDIA GeForce RTX 5070 Ti,271.84,50.0,100.0,14074.0,16303.0,,
2026-04-16 23:36:51,786.7,122.3,909.0,80.76,sensors:power1,46.1,576.08,656.84,1.3838986663418793,1.3789951633232378,1.378987163365978,1,NVIDIA GeForce RTX 5070 Ti,287.97,47.0,100.0,14074.0,16303.0,,
2026-04-16 23:36:51,786.7,122.3,909.0,80.76,sensors:power1,46.1,576.08,656.84,1.3838986663418793,1.3789951633232378,1.378987163365978,2,NVIDIA GeForce RTX 5070 Ti,16.27,29.0,0.0,153.0,16303.0,,
2026-04-16 23:36:53,786.5,122.4,908.9,79.79,sensors:power1,46.2,577.13,656.92,1.3835779090300189,1.379094788229907,1.3790874427361488,0,NVIDIA GeForce RTX 5070 Ti,273.6,50.0,100.0,14074.0,16303.0,,
2026-04-16 23:36:53,786.5,122.4,908.9,79.79,sensors:power1,46.2,577.13,656.92,1.3835779090300189,1.379094788229907,1.3790874427361488,1,NVIDIA GeForce RTX 5070 Ti,288.06,47.0,100.0,14074.0,16303.0,,
2026-04-16 23:36:53,786.5,122.4,908.9,79.79,sensors:power1,46.2,577.13,656.92,1.3835779090300189,1.379094788229907,1.3790874427361488,2,NVIDIA GeForce RTX 5070 Ti,15.47,29.0,0.0,153.0,16303.0,,
2026-04-16 23:36:55,781.4,122.1,903.5,76.4,sensors:power1,46.2,575.4599999999999,651.8599999999999,1.3860338109409998,1.379242427010994,1.3792348147475522,0,NVIDIA GeForce RTX 5070 Ti,273.39,50.0,100.0,14074.0,16303.0,,
2026-04-16 23:36:55,781.4,122.1,903.5,76.4,sensors:power1,46.2,575.4599999999999,651.8599999999999,1.3860338109409998,1.379242427010994,1.3792348147475522,1,NVIDIA GeForce RTX 5070 Ti,286.52,47.0,100.0,14074.0,16303.0,,
2026-04-16 23:36:55,781.4,122.1,903.5,76.4,sensors:power1,46.2,575.4599999999999,651.8599999999999,1.3860338109409998,1.379242427010994,1.3792348147475522,2,NVIDIA GeForce RTX 5070 Ti,15.55,29.0,0.0,153.0,16303.0,,
2026-04-16 23:36:58,786.7,122.7,909.4000000000001,78.55,sensors:power1,46.4,577.5899999999999,656.1399999999999,1.3859846983875397,1.3793828909980055,1.379375944624717,0,NVIDIA GeForce RTX 5070 Ti,273.32,50.0,100.0,14074.0,16303.0,,
2026-04-16 23:36:58,786.7,122.7,909.4000000000001,78.55,sensors:power1,46.4,577.5899999999999,656.1399999999999,1.3859846983875397,1.3793828909980055,1.379375944624717,1,NVIDIA GeForce RTX 5070 Ti,288.15,47.0,100.0,14074.0,16303.0,,
2026-04-16 23:36:58,786.7,122.7,909.4000000000001,78.55,sensors:power1,46.4,577.5899999999999,656.1399999999999,1.3859846983875397,1.3793828909980055,1.379375944624717,2,NVIDIA GeForce RTX 5070 Ti,16.12,29.0,0.0,153.0,16303.0,,
2026-04-16 23:37:00,786.0,122.6,908.6,79.05,sensors:power1,46.4,577.48,656.53,1.3839428510502187,1.3794759514072343,1.3794695305955045,0,NVIDIA GeForce RTX 5070 Ti,273.7,50.0,100.0,14074.0,16303.0,,
2026-04-16 23:37:00,786.0,122.6,908.6,79.05,sensors:power1,46.4,577.48,656.53,1.3839428510502187,1.3794759514072343,1.3794695305955045,1,NVIDIA GeForce RTX 5070 Ti,288.11,48.0,100.0,14074.0,16303.0,,
2026-04-16 23:37:00,786.0,122.6,908.6,79.05,sensors:power1,46.4,577.48,656.53,1.3839428510502187,1.3794759514072343,1.3794695305955045,2,NVIDIA GeForce RTX 5070 Ti,15.67,29.0,0.0,153.0,16303.0,,
2026-04-16 23:37:02,785.2,123.0,908.2,74.47,sensors:power1,46.4,578.14,652.61,1.3916427881889644,1.3797192881428688,1.3797125477774224,0,NVIDIA GeForce RTX 5070 Ti,273.72,46.0,100.0,14074.0,16303.0,,
2026-04-16 23:37:02,785.2,123.0,908.2,74.47,sensors:power1,46.4,578.14,652.61,1.3916427881889644,1.3797192881428688,1.3797125477774224,1,NVIDIA GeForce RTX 5070 Ti,287.87,48.0,100.0,14074.0,16303.0,,
2026-04-16 23:37:02,785.2,123.0,908.2,74.47,sensors:power1,46.4,578.14,652.61,1.3916427881889644,1.3797192881428688,1.3797125477774224,2,NVIDIA GeForce RTX 5070 Ti,16.55,29.0,0.0,158.0,16303.0,,
2026-04-16 23:37:04,783.3,123.2,906.5,66.11,sensors:power1,46.4,577.2800000000001,643.3900000000001,1.4089432537030415,1.3802923070754212,1.3802767381331515,0,NVIDIA GeForce RTX 5070 Ti,273.91,50.0,100.0,14074.0,16303.0,,
2026-04-16 23:37:04,783.3,123.2,906.5,66.11,sensors:power1,46.4,577.2800000000001,643.3900000000001,1.4089432537030415,1.3802923070754212,1.3802767381331515,1,NVIDIA GeForce RTX 5070 Ti,287.86,48.0,100.0,14074.0,16303.0,,
2026-04-16 23:37:04,783.3,123.2,906.5,66.11,sensors:power1,46.4,577.2800000000001,643.3900000000001,1.4089432537030415,1.3802923070754212,1.3802767381331515,2,NVIDIA GeForce RTX 5070 Ti,15.51,29.0,0.0,158.0,16303.0,,
2026-04-16 23:37:06,785.3,123.5,908.8,78.13,sensors:power1,46.4,575.89,654.02,1.3895599522950368,1.3804705310219523,1.3804553716805255,0,NVIDIA GeForce RTX 5070 Ti,273.93,50.0,100.0,14074.0,16303.0,,
2026-04-16 23:37:06,785.3,123.5,908.8,78.13,sensors:power1,46.4,575.89,654.02,1.3895599522950368,1.3804705310219523,1.3804553716805255,1,NVIDIA GeForce RTX 5070 Ti,286.68,48.0,100.0,14074.0,16303.0,,
2026-04-16 23:37:06,785.3,123.5,908.8,78.13,sensors:power1,46.4,575.89,654.02,1.3895599522950368,1.3804705310219523,1.3804553716805255,2,NVIDIA GeForce RTX 5070 Ti,15.28,29.0,0.0,158.0,16303.0,,
2026-04-16 23:37:09,785.1,123.3,908.4,98.88,sensors:power1,53.2,575.95,674.83,1.3461167997866128,1.3798223474137383,1.379786855625714,0,NVIDIA GeForce RTX 5070 Ti,272.29,50.0,100.0,14074.0,16303.0,,
2026-04-16 23:37:09,785.1,123.3,908.4,98.88,sensors:power1,53.2,575.95,674.83,1.3461167997866128,1.3798223474137383,1.379786855625714,1,NVIDIA GeForce RTX 5070 Ti,288.22,48.0,100.0,14074.0,16303.0,,
2026-04-16 23:37:09,785.1,123.3,908.4,98.88,sensors:power1,53.2,575.95,674.83,1.3461167997866128,1.3798223474137383,1.379786855625714,2,NVIDIA GeForce RTX 5070 Ti,15.44,29.0,0.0,158.0,16303.0,,
2026-04-16 23:37:11,805.6,123.6,929.2,105.38,sensors:power1,62.8,576.38,681.76,1.3629429711335368,1.3795097663715123,1.3794619553454341,0,NVIDIA GeForce RTX 5070 Ti,273.96,50.0,100.0,14074.0,16303.0,,
2026-04-16 23:37:11,805.6,123.6,929.2,105.38,sensors:power1,62.8,576.38,681.76,1.3629429711335368,1.3795097663715123,1.3794619553454341,1,NVIDIA GeForce RTX 5070 Ti,286.6,48.0,100.0,14074.0,16303.0,,
2026-04-16 23:37:11,805.6,123.6,929.2,105.38,sensors:power1,62.8,576.38,681.76,1.3629429711335368,1.3795097663715123,1.3794619553454341,2,NVIDIA GeForce RTX 5070 Ti,15.82,29.0,0.0,158.0,16303.0,,
2026-04-16 23:37:14,818.3,123.7,942.0,95.84,sensors:power1,65.2,493.36,589.2,1.5987780040733197,1.3834964616024543,1.383058035807463,0,NVIDIA GeForce RTX 5070 Ti,189.99,32.0,0.0,18.0,16303.0,,
2026-04-16 23:37:14,818.3,123.7,942.0,95.84,sensors:power1,65.2,493.36,589.2,1.5987780040733197,1.3834964616024543,1.383058035807463,1,NVIDIA GeForce RTX 5070 Ti,288.06,48.0,100.0,14074.0,16303.0,,
2026-04-16 23:37:14,818.3,123.7,942.0,95.84,sensors:power1,65.2,493.36,589.2,1.5987780040733197,1.3834964616024543,1.383058035807463,2,NVIDIA GeForce RTX 5070 Ti,15.31,29.0,0.0,158.0,16303.0,,
2026-04-16 23:37:16,535.6,124.2,659.8000000000001,97.42,sensors:power1,65.4,340.86,438.28000000000003,1.5054303185178426,1.3856738519045149,1.3845326077961342,0,NVIDIA GeForce RTX 5070 Ti,37.02,30.0,0.0,18.0,16303.0,,
2026-04-16 23:37:16,535.6,124.2,659.8000000000001,97.42,sensors:power1,65.4,340.86,438.28000000000003,1.5054303185178426,1.3856738519045149,1.3845326077961342,1,NVIDIA GeForce RTX 5070 Ti,288.24,48.0,100.0,14074.0,16303.0,,
2026-04-16 23:37:16,535.6,124.2,659.8000000000001,97.42,sensors:power1,65.4,340.86,438.28000000000003,1.5054303185178426,1.3856738519045149,1.3845326077961342,2,NVIDIA GeForce RTX 5070 Ti,15.6,29.0,0.0,158.0,16303.0,,
2026-04-16 23:37:18,497.1,124.0,621.1,54.13,sensors:power1,61.6,79.32,133.45,4.654177594604722,1.4430160228290798,1.3964851400799552,0,NVIDIA GeForce RTX 5070 Ti,15.35,29.0,0.0,15.0,16303.0,,
2026-04-16 23:37:18,497.1,124.0,621.1,54.13,sensors:power1,61.6,79.32,133.45,4.654177594604722,1.4430160228290798,1.3964851400799552,1,NVIDIA GeForce RTX 5070 Ti,48.51,29.0,0.0,15.0,16303.0,,
2026-04-16 23:37:18,497.1,124.0,621.1,54.13,sensors:power1,61.6,79.32,133.45,4.654177594604722,1.4430160228290798,1.3964851400799552,2,NVIDIA GeForce RTX 5070 Ti,15.46,29.0,0.0,158.0,16303.0,,
2026-04-16 23:37:21,172.1,124.4,296.5,65.71,sensors:power1,56.5,55.36,121.07,2.4489964483356736,1.4603605129240211,1.3999642336932263,0,NVIDIA GeForce RTX 5070 Ti,7.64,29.0,0.0,15.0,16303.0,,
2026-04-16 23:37:21,172.1,124.4,296.5,65.71,sensors:power1,56.5,55.36,121.07,2.4489964483356736,1.4603605129240211,1.3999642336932263,1,NVIDIA GeForce RTX 5070 Ti,32.27,27.0,0.0,15.0,16303.0,,
2026-04-16 23:37:21,172.1,124.4,296.5,65.71,sensors:power1,56.5,55.36,121.07,2.4489964483356736,1.4603605129240211,1.3999642336932263,2,NVIDIA GeForce RTX 5070 Ti,15.45,28.0,0.0,158.0,16303.0,,
2026-04-16 23:37:23,157.6,124.5,282.1,58.92,sensors:power1,52.6,43.47,102.39,2.755151870299834,1.4823061291507298,1.4037421070629672,0,NVIDIA GeForce RTX 5070 Ti,4.1,28.0,0.0,15.0,16303.0,,
2026-04-16 23:37:23,157.6,124.5,282.1,58.92,sensors:power1,52.6,43.47,102.39,2.755151870299834,1.4823061291507298,1.4037421070629672,1,NVIDIA GeForce RTX 5070 Ti,23.88,27.0,0.0,15.0,16303.0,,
2026-04-16 23:37:23,157.6,124.5,282.1,58.92,sensors:power1,52.6,43.47,102.39,2.755151870299834,1.4823061291507298,1.4037421070629672,2,NVIDIA GeForce RTX 5070 Ti,15.49,28.0,0.0,158.0,16303.0,,
2026-04-16 23:37:25,141.9,124.4,266.3,51.25,sensors:power1,48.6,31.36,82.61,3.223580680305048,1.5113273716699684,1.4078260550668065,0,NVIDIA GeForce RTX 5070 Ti,4.23,28.0,0.0,15.0,16303.0,,
2026-04-16 23:37:25,141.9,124.4,266.3,51.25,sensors:power1,48.6,31.36,82.61,3.223580680305048,1.5113273716699684,1.4078260550668065,1,NVIDIA GeForce RTX 5070 Ti,11.74,27.0,0.0,15.0,16303.0,,
2026-04-16 23:37:25,141.9,124.4,266.3,51.25,sensors:power1,48.6,31.36,82.61,3.223580680305048,1.5113273716699684,1.4078260550668065,2,NVIDIA GeForce RTX 5070 Ti,15.39,28.0,0.0,158.0,16303.0,,
2026-04-16 23:37:27,142.4,124.5,266.9,59.1,sensors:power1,45.6,35.0,94.1,2.8363443145589797,1.5330489608976574,1.4114684026201882,0,NVIDIA GeForce RTX 5070 Ti,7.56,28.0,0.0,15.0,16303.0,,
2026-04-16 23:37:27,142.4,124.5,266.9,59.1,sensors:power1,45.6,35.0,94.1,2.8363443145589797,1.5330489608976574,1.4114684026201882,1,NVIDIA GeForce RTX 5070 Ti,12.05,27.0,0.0,15.0,16303.0,,
2026-04-16 23:37:27,142.4,124.5,266.9,59.1,sensors:power1,45.6,35.0,94.1,2.8363443145589797,1.5330489608976574,1.4114684026201882,2,NVIDIA GeForce RTX 5070 Ti,15.39,27.0,0.0,158.0,16303.0,,
2026-04-16 23:37:30,140.8,124.6,265.4,59.71,sensors:power1,43.5,29.38,89.09,2.9790099898978557,1.5563709129783059,1.4152433150136619,0,NVIDIA GeForce RTX 5070 Ti,4.09,28.0,0.0,15.0,16303.0,,
2026-04-16 23:37:30,140.8,124.6,265.4,59.71,sensors:power1,43.5,29.38,89.09,2.9790099898978557,1.5563709129783059,1.4152433150136619,1,NVIDIA GeForce RTX 5070 Ti,9.94,27.0,0.0,15.0,16303.0,,
2026-04-16 23:37:30,140.8,124.6,265.4,59.71,sensors:power1,43.5,29.38,89.09,2.9790099898978557,1.5563709129783059,1.4152433150136619,2,NVIDIA GeForce RTX 5070 Ti,15.35,27.0,0.0,158.0,16303.0,,
2026-04-16 23:37:32,140.0,125.0,265.0,46.55,sensors:power1,41.9,29.560000000000002,76.11,3.481802654053344,1.5869333215667984,1.419486147509034,0,NVIDIA GeForce RTX 5070 Ti,4.08,28.0,0.0,15.0,16303.0,,
2026-04-16 23:37:32,140.0,125.0,265.0,46.55,sensors:power1,41.9,29.560000000000002,76.11,3.481802654053344,1.5869333215667984,1.419486147509034,1,NVIDIA GeForce RTX 5070 Ti,9.58,27.0,0.0,15.0,16303.0,,
2026-04-16 23:37:32,140.0,125.0,265.0,46.55,sensors:power1,41.9,29.560000000000002,76.11,3.481802654053344,1.5869333215667984,1.419486147509034,2,NVIDIA GeForce RTX 5070 Ti,15.9,27.0,0.0,158.0,16303.0,,
2026-04-16 23:37:34,144.8,125.3,270.1,48.91,sensors:power1,40.6,35.64,84.55,3.194559432288587,1.6120524795468263,1.4235254538359061,0,NVIDIA GeForce RTX 5070 Ti,7.95,28.0,0.0,15.0,16303.0,,
2026-04-16 23:37:34,144.8,125.3,270.1,48.91,sensors:power1,40.6,35.64,84.55,3.194559432288587,1.6120524795468263,1.4235254538359061,1,NVIDIA GeForce RTX 5070 Ti,11.05,27.0,0.0,15.0,16303.0,,
2026-04-16 23:37:34,144.8,125.3,270.1,48.91,sensors:power1,40.6,35.64,84.55,3.194559432288587,1.6120524795468263,1.4235254538359061,2,NVIDIA GeForce RTX 5070 Ti,16.64,27.0,0.0,158.0,16303.0,,
2026-04-16 23:37:36,149.5,125.6,275.1,50.31,sensors:power1,39.8,30.3,80.61,3.4127279493859324,1.6397551790828127,1.427831747193786,0,NVIDIA GeForce RTX 5070 Ti,4.2,28.0,0.0,15.0,16303.0,,
2026-04-16 23:37:36,149.5,125.6,275.1,50.31,sensors:power1,39.8,30.3,80.61,3.4127279493859324,1.6397551790828127,1.427831747193786,1,NVIDIA GeForce RTX 5070 Ti,10.38,27.0,0.0,15.0,16303.0,,
2026-04-16 23:37:36,149.5,125.6,275.1,50.31,sensors:power1,39.8,30.3,80.61,3.4127279493859324,1.6397551790828127,1.427831747193786,2,NVIDIA GeForce RTX 5070 Ti,15.72,27.0,0.0,158.0,16303.0,,
2026-04-16 23:37:39,143.6,125.5,269.1,52.71,sensors:power1,39.1,29.61,82.32,3.268950437317785,1.6644399557227365,1.43189303515716,0,NVIDIA GeForce RTX 5070 Ti,4.08,28.0,0.0,15.0,16303.0,,
2026-04-16 23:37:39,143.6,125.5,269.1,52.71,sensors:power1,39.1,29.61,82.32,3.268950437317785,1.6644399557227365,1.43189303515716,1,NVIDIA GeForce RTX 5070 Ti,9.93,27.0,0.0,15.0,16303.0,,
2026-04-16 23:37:39,143.6,125.5,269.1,52.71,sensors:power1,39.1,29.61,82.32,3.268950437317785,1.6644399557227365,1.43189303515716,2,NVIDIA GeForce RTX 5070 Ti,15.6,27.0,0.0,158.0,16303.0,,
2026-04-16 23:37:41,137.4,126.0,263.4,52.48,sensors:power1,38.5,32.46,84.94,3.1010124793972214,1.685881336673102,1.4356834691633402,0,NVIDIA GeForce RTX 5070 Ti,5.82,28.0,0.0,15.0,16303.0,,
2026-04-16 23:37:41,137.4,126.0,263.4,52.48,sensors:power1,38.5,32.46,84.94,3.1010124793972214,1.685881336673102,1.4356834691633402,1,NVIDIA GeForce RTX 5070 Ti,10.13,27.0,0.0,15.0,16303.0,,
2026-04-16 23:37:41,137.4,126.0,263.4,52.48,sensors:power1,38.5,32.46,84.94,3.1010124793972214,1.685881336673102,1.4356834691633402,2,NVIDIA GeForce RTX 5070 Ti,16.51,27.0,0.0,158.0,16303.0,,
2026-04-16 23:37:43,142.7,125.9,268.6,55.29,sensors:power1,38.1,29.759999999999998,85.05,3.1581422692533807,1.707532232740459,1.439591212433066,0,NVIDIA GeForce RTX 5070 Ti,4.16,28.0,0.0,15.0,16303.0,,
2026-04-16 23:37:43,142.7,125.9,268.6,55.29,sensors:power1,38.1,29.759999999999998,85.05,3.1581422692533807,1.707532232740459,1.439591212433066,1,NVIDIA GeForce RTX 5070 Ti,10.11,27.0,0.0,15.0,16303.0,,
2026-04-16 23:37:43,142.7,125.9,268.6,55.29,sensors:power1,38.1,29.759999999999998,85.05,3.1581422692533807,1.707532232740459,1.439591212433066,2,NVIDIA GeForce RTX 5070 Ti,15.49,27.0,0.0,158.0,16303.0,,
2026-04-16 23:37:45,141.8,126.1,267.9,56.14,sensors:power1,37.9,30.14,86.28,3.1050069541029206,1.727785489571799,1.443415383223286,0,NVIDIA GeForce RTX 5070 Ti,4.1,28.0,0.0,15.0,16303.0,,
2026-04-16 23:37:45,141.8,126.1,267.9,56.14,sensors:power1,37.9,30.14,86.28,3.1050069541029206,1.727785489571799,1.443415383223286,1,NVIDIA GeForce RTX 5070 Ti,10.34,27.0,0.0,15.0,16303.0,,
2026-04-16 23:37:45,141.8,126.1,267.9,56.14,sensors:power1,37.9,30.14,86.28,3.1050069541029206,1.727785489571799,1.443415383223286,2,NVIDIA GeForce RTX 5070 Ti,15.7,27.0,0.0,158.0,16303.0,,
2026-04-16 23:37:48,146.8,126.3,273.1,50.62,sensors:power1,37.6,30.58,81.19999999999999,3.363300492610838,1.7511499896152136,1.4475553631701807,0,NVIDIA GeForce RTX 5070 Ti,4.34,28.0,0.0,15.0,16303.0,,
2026-04-16 23:37:48,146.8,126.3,273.1,50.62,sensors:power1,37.6,30.58,81.19999999999999,3.363300492610838,1.7511499896152136,1.4475553631701807,1,NVIDIA GeForce RTX 5070 Ti,10.34,27.0,0.0,15.0,16303.0,,
2026-04-16 23:37:48,146.8,126.3,273.1,50.62,sensors:power1,37.6,30.58,81.19999999999999,3.363300492610838,1.7511499896152136,1.4475553631701807,2,NVIDIA GeForce RTX 5070 Ti,15.9,27.0,0.0,158.0,16303.0,,
2026-04-16 23:37:50,152.5,126.3,278.8,50.03,sensors:power1,37.4,29.98,80.01,3.484564429446319,1.775564277500159,1.4518743552229165,0,NVIDIA GeForce RTX 5070 Ti,4.19,28.0,0.0,15.0,16303.0,,
2026-04-16 23:37:50,152.5,126.3,278.8,50.03,sensors:power1,37.4,29.98,80.01,3.484564429446319,1.775564277500159,1.4518743552229165,1,NVIDIA GeForce RTX 5070 Ti,10.4,27.0,0.0,15.0,16303.0,,
2026-04-16 23:37:50,152.5,126.3,278.8,50.03,sensors:power1,37.4,29.98,80.01,3.484564429446319,1.775564277500159,1.4518743552229165,2,NVIDIA GeForce RTX 5070 Ti,15.39,27.0,0.0,158.0,16303.0,,
2026-04-16 23:37:52,132.1,127.1,259.2,55.85,sensors:power1,37.2,30.06,85.91,3.0171109300430685,1.7928079810076991,1.4554296964027644,0,NVIDIA GeForce RTX 5070 Ti,4.3,28.0,0.0,15.0,16303.0,,
2026-04-16 23:37:52,132.1,127.1,259.2,55.85,sensors:power1,37.2,30.06,85.91,3.0171109300430685,1.7928079810076991,1.4554296964027644,1,NVIDIA GeForce RTX 5070 Ti,10.48,27.0,0.0,15.0,16303.0,,
2026-04-16 23:37:52,132.1,127.1,259.2,55.85,sensors:power1,37.2,30.06,85.91,3.0171109300430685,1.7928079810076991,1.4554296964027644,2,NVIDIA GeForce RTX 5070 Ti,15.28,27.0,0.0,158.0,16303.0,,
2026-04-16 23:37:54,142.4,127.1,269.5,49.32,sensors:power1,37.2,29.89,79.21000000000001,3.402348188360055,1.8148564769988276,1.4594985941015324,0,NVIDIA GeForce RTX 5070 Ti,4.3,28.0,0.0,15.0,16303.0,,
2026-04-16 23:37:54,142.4,127.1,269.5,49.32,sensors:power1,37.2,29.89,79.21000000000001,3.402348188360055,1.8148564769988276,1.4594985941015324,1,NVIDIA GeForce RTX 5070 Ti,10.25,27.0,0.0,15.0,16303.0,,
2026-04-16 23:37:54,142.4,127.1,269.5,49.32,sensors:power1,37.2,29.89,79.21000000000001,3.402348188360055,1.8148564769988276,1.4594985941015324,2,NVIDIA GeForce RTX 5070 Ti,15.34,27.0,0.0,158.0,16303.0,,
2026-04-16 23:37:56,145.6,127.2,272.8,49.86,sensors:power1,37.1,35.39,85.25,3.2,1.8335746327150595,1.4634046819009392,0,NVIDIA GeForce RTX 5070 Ti,8.0,28.0,0.0,15.0,16303.0,,
2026-04-16 23:37:56,145.6,127.2,272.8,49.86,sensors:power1,37.1,35.39,85.25,3.2,1.8335746327150595,1.4634046819009392,1,NVIDIA GeForce RTX 5070 Ti,12.36,27.0,0.0,15.0,16303.0,,
2026-04-16 23:37:56,145.6,127.2,272.8,49.86,sensors:power1,37.1,35.39,85.25,3.2,1.8335746327150595,1.4634046819009392,2,NVIDIA GeForce RTX 5070 Ti,15.03,27.0,0.0,158.0,16303.0,,
2026-04-16 23:37:59,139.1,127.1,266.2,53.11,sensors:power1,37.1,29.85,82.96000000000001,3.2087753134040495,1.8519106417909128,1.4672081712164466,0,NVIDIA GeForce RTX 5070 Ti,4.29,28.0,0.0,15.0,16303.0,,
2026-04-16 23:37:59,139.1,127.1,266.2,53.11,sensors:power1,37.1,29.85,82.96000000000001,3.2087753134040495,1.8519106417909128,1.4672081712164466,1,NVIDIA GeForce RTX 5070 Ti,10.55,27.0,0.0,15.0,16303.0,,
2026-04-16 23:37:59,139.1,127.1,266.2,53.11,sensors:power1,37.1,29.85,82.96000000000001,3.2087753134040495,1.8519106417909128,1.4672081712164466,2,NVIDIA GeForce RTX 5070 Ti,15.01,27.0,0.0,158.0,16303.0,,
2026-04-16 23:38:01,151.3,127.1,278.4,49.91,sensors:power1,37.0,31.470000000000002,81.38,3.4209879577291717,1.8725563959479952,1.4713758256091254,0,NVIDIA GeForce RTX 5070 Ti,4.28,28.0,0.0,15.0,16303.0,,
2026-04-16 23:38:01,151.3,127.1,278.4,49.91,sensors:power1,37.0,31.470000000000002,81.38,3.4209879577291717,1.8725563959479952,1.4713758256091254,1,NVIDIA GeForce RTX 5070 Ti,10.84,27.0,0.0,15.0,16303.0,,
2026-04-16 23:38:01,151.3,127.1,278.4,49.91,sensors:power1,37.0,31.470000000000002,81.38,3.4209879577291717,1.8725563959479952,1.4713758256091254,2,NVIDIA GeForce RTX 5070 Ti,16.35,27.0,0.0,158.0,16303.0,,
2026-04-16 23:38:03,147.0,127.4,274.4,47.18,sensors:power1,37.0,36.7,83.88,3.2713400095374343,1.890722416903702,1.4753246413579362,0,NVIDIA GeForce RTX 5070 Ti,8.04,28.0,0.0,15.0,16303.0,,
2026-04-16 23:38:03,147.0,127.4,274.4,47.18,sensors:power1,37.0,36.7,83.88,3.2713400095374343,1.890722416903702,1.4753246413579362,1,NVIDIA GeForce RTX 5070 Ti,12.36,27.0,0.0,15.0,16303.0,,
2026-04-16 23:38:03,147.0,127.4,274.4,47.18,sensors:power1,37.0,36.7,83.88,3.2713400095374343,1.890722416903702,1.4753246413579362,2,NVIDIA GeForce RTX 5070 Ti,16.3,27.0,0.0,158.0,16303.0,,
2026-04-16 23:38:05,140.0,127.1,267.1,55.19,sensors:power1,37.0,30.42,85.61,3.1199626211891136,1.906481906702233,1.4789988859635321,0,NVIDIA GeForce RTX 5070 Ti,4.16,28.0,0.0,15.0,16303.0,,
2026-04-16 23:38:05,140.0,127.1,267.1,55.19,sensors:power1,37.0,30.42,85.61,3.1199626211891136,1.906481906702233,1.4789988859635321,1,NVIDIA GeForce RTX 5070 Ti,10.65,27.0,0.0,15.0,16303.0,,
2026-04-16 23:38:05,140.0,127.1,267.1,55.19,sensors:power1,37.0,30.42,85.61,3.1199626211891136,1.906481906702233,1.4789988859635321,2,NVIDIA GeForce RTX 5070 Ti,15.61,27.0,0.0,158.0,16303.0,,
2026-04-16 23:38:08,136.4,127.5,263.9,56.47,sensors:power1,37.0,30.43,86.9,3.0368239355581124,1.9207900336497759,1.4825236330555285,0,NVIDIA GeForce RTX 5070 Ti,4.31,28.0,0.0,15.0,16303.0,,
2026-04-16 23:38:08,136.4,127.5,263.9,56.47,sensors:power1,37.0,30.43,86.9,3.0368239355581124,1.9207900336497759,1.4825236330555285,1,NVIDIA GeForce RTX 5070 Ti,10.31,27.0,0.0,15.0,16303.0,,
2026-04-16 23:38:08,136.4,127.5,263.9,56.47,sensors:power1,37.0,30.43,86.9,3.0368239355581124,1.9207900336497759,1.4825236330555285,2,NVIDIA GeForce RTX 5070 Ti,15.81,27.0,0.0,158.0,16303.0,,
2026-04-16 23:38:10,135.6,126.9,262.5,53.37,sensors:power1,37.0,36.2,89.57,2.9306687506977784,1.9334135176128757,1.485893032575881,0,NVIDIA GeForce RTX 5070 Ti,8.12,28.0,0.0,15.0,16303.0,,
2026-04-16 23:38:10,135.6,126.9,262.5,53.37,sensors:power1,37.0,36.2,89.57,2.9306687506977784,1.9334135176128757,1.485893032575881,1,NVIDIA GeForce RTX 5070 Ti,11.19,27.0,0.0,15.0,16303.0,,
2026-04-16 23:38:10,135.6,126.9,262.5,53.37,sensors:power1,37.0,36.2,89.57,2.9306687506977784,1.9334135176128757,1.485893032575881,2,NVIDIA GeForce RTX 5070 Ti,16.89,27.0,0.0,158.0,16303.0,,
2026-04-16 23:38:12,150.6,127.4,278.0,54.42,sensors:power1,36.9,30.57,84.99000000000001,3.270973055653606,1.9499265983294278,1.4898253233344319,0,NVIDIA GeForce RTX 5070 Ti,4.39,28.0,0.0,15.0,16303.0,,
2026-04-16 23:38:12,150.6,127.4,278.0,54.42,sensors:power1,36.9,30.57,84.99000000000001,3.270973055653606,1.9499265983294278,1.4898253233344319,1,NVIDIA GeForce RTX 5070 Ti,10.43,27.0,0.0,15.0,16303.0,,
2026-04-16 23:38:12,150.6,127.4,278.0,54.42,sensors:power1,36.9,30.57,84.99000000000001,3.270973055653606,1.9499265983294278,1.4898253233344319,2,NVIDIA GeForce RTX 5070 Ti,15.75,27.0,0.0,158.0,16303.0,,
2026-04-16 23:38:14,147.9,127.6,275.5,48.82,sensors:power1,36.9,30.39,79.21000000000001,3.4780961999747504,1.968562812983639,1.49389898496616,0,NVIDIA GeForce RTX 5070 Ti,4.21,28.0,0.0,15.0,16303.0,,
2026-04-16 23:38:14,147.9,127.6,275.5,48.82,sensors:power1,36.9,30.39,79.21000000000001,3.4780961999747504,1.968562812983639,1.49389898496616,1,NVIDIA GeForce RTX 5070 Ti,10.39,27.0,0.0,15.0,16303.0,,
2026-04-16 23:38:14,147.9,127.6,275.5,48.82,sensors:power1,36.9,30.39,79.21000000000001,3.4780961999747504,1.968562812983639,1.49389898496616,2,NVIDIA GeForce RTX 5070 Ti,15.79,27.0,0.0,158.0,16303.0,,
2026-04-16 23:38:17,143.4,128.3,271.70000000000005,50.26,sensors:power1,36.9,33.03,83.28999999999999,3.2620962900708377,1.9841475536714368,1.4977001641799639,0,NVIDIA GeForce RTX 5070 Ti,5.44,28.0,0.0,15.0,16303.0,,
2026-04-16 23:38:17,143.4,128.3,271.70000000000005,50.26,sensors:power1,36.9,33.03,83.28999999999999,3.2620962900708377,1.9841475536714368,1.4977001641799639,1,NVIDIA GeForce RTX 5070 Ti,11.01,27.0,0.0,15.0,16303.0,,
2026-04-16 23:38:17,143.4,128.3,271.70000000000005,50.26,sensors:power1,36.9,33.03,83.28999999999999,3.2620962900708377,1.9841475536714368,1.4977001641799639,2,NVIDIA GeForce RTX 5070 Ti,16.58,27.0,0.0,158.0,16303.0,,
2026-04-16 23:38:19,134.2,128.3,262.5,55.77,sensors:power1,36.8,31.27,87.04,3.0158547794117645,1.9964297825492978,1.50110311036692,0,NVIDIA GeForce RTX 5070 Ti,4.63,28.0,0.0,15.0,16303.0,,
2026-04-16 23:38:19,134.2,128.3,262.5,55.77,sensors:power1,36.8,31.27,87.04,3.0158547794117645,1.9964297825492978,1.50110311036692,1,NVIDIA GeForce RTX 5070 Ti,10.87,27.0,0.0,15.0,16303.0,,
2026-04-16 23:38:19,134.2,128.3,262.5,55.77,sensors:power1,36.8,31.27,87.04,3.0158547794117645,1.9964297825492978,1.50110311036692,2,NVIDIA GeForce RTX 5070 Ti,15.77,27.0,0.0,158.0,16303.0,,
2026-04-19 15:55:56,163.4,93.4,256.8,56.28,sensors:power1,36.1,32.46,88.74000000000001,2.8938471940500334,2.8938471940500334,2.8938471940500334,0,NVIDIA GeForce RTX 5070 Ti,4.47,25.0,0.0,15.0,16303.0,,
2026-04-19 15:55:56,163.4,93.4,256.8,56.28,sensors:power1,36.1,32.46,88.74000000000001,2.8938471940500334,2.8938471940500334,2.8938471940500334,1,NVIDIA GeForce RTX 5070 Ti,9.75,23.0,0.0,15.0,16303.0,,
2026-04-19 15:55:56,163.4,93.4,256.8,56.28,sensors:power1,36.1,32.46,88.74000000000001,2.8938471940500334,2.8938471940500334,2.8938471940500334,2,NVIDIA GeForce RTX 5070 Ti,18.24,24.0,1.0,473.0,16303.0,,
2026-04-19 15:55:58,160.0,93.2,253.2,56.47,sensors:power1,36.6,32.230000000000004,88.7,2.85456595264938,2.8742065733497064,2.874211000901713,0,NVIDIA GeForce RTX 5070 Ti,4.5,25.0,0.0,15.0,16303.0,,
2026-04-19 15:55:58,160.0,93.2,253.2,56.47,sensors:power1,36.6,32.230000000000004,88.7,2.85456595264938,2.8742065733497064,2.874211000901713,1,NVIDIA GeForce RTX 5070 Ti,10.13,23.0,0.0,15.0,16303.0,,
2026-04-19 15:55:58,160.0,93.2,253.2,56.47,sensors:power1,36.6,32.230000000000004,88.7,2.85456595264938,2.8742065733497064,2.874211000901713,2,NVIDIA GeForce RTX 5070 Ti,17.6,24.0,1.0,473.0,16303.0,,
2026-04-19 15:56:00,155.2,93.6,248.79999999999998,59.89,sensors:power1,36.4,34.74,94.63,2.6291873613019128,2.7925335026671085,2.78898812805528,0,NVIDIA GeForce RTX 5070 Ti,4.66,25.0,0.0,15.0,16303.0,,
2026-04-19 15:56:00,155.2,93.6,248.79999999999998,59.89,sensors:power1,36.4,34.74,94.63,2.6291873613019128,2.7925335026671085,2.78898812805528,1,NVIDIA GeForce RTX 5070 Ti,12.14,23.0,0.0,15.0,16303.0,,
2026-04-19 15:56:00,155.2,93.6,248.79999999999998,59.89,sensors:power1,36.4,34.74,94.63,2.6291873613019128,2.7925335026671085,2.78898812805528,2,NVIDIA GeForce RTX 5070 Ti,17.94,24.0,2.0,473.0,16303.0,,
2026-04-19 15:56:03,147.6,93.5,241.1,53.15,sensors:power1,36.1,31.6,84.75,2.8448377581120945,2.805609566528355,2.8022532369261812,0,NVIDIA GeForce RTX 5070 Ti,4.37,25.0,0.0,15.0,16303.0,,
2026-04-19 15:56:03,147.6,93.5,241.1,53.15,sensors:power1,36.1,31.6,84.75,2.8448377581120945,2.805609566528355,2.8022532369261812,1,NVIDIA GeForce RTX 5070 Ti,9.89,23.0,0.0,15.0,16303.0,,
2026-04-19 15:56:03,147.6,93.5,241.1,53.15,sensors:power1,36.1,31.6,84.75,2.8448377581120945,2.805609566528355,2.8022532369261812,2,NVIDIA GeForce RTX 5070 Ti,17.34,24.0,0.0,473.0,16303.0,,
2026-04-19 15:56:05,151.8,93.5,245.3,57.72,sensors:power1,35.9,31.87,89.59,2.7380287978569036,2.7920934127940646,2.789364037543962,0,NVIDIA GeForce RTX 5070 Ti,4.09,25.0,0.0,15.0,16303.0,,
2026-04-19 15:56:05,151.8,93.5,245.3,57.72,sensors:power1,35.9,31.87,89.59,2.7380287978569036,2.7920934127940646,2.789364037543962,1,NVIDIA GeForce RTX 5070 Ti,10.07,23.0,0.0,15.0,16303.0,,
2026-04-19 15:56:05,151.8,93.5,245.3,57.72,sensors:power1,35.9,31.87,89.59,2.7380287978569036,2.7920934127940646,2.789364037543962,2,NVIDIA GeForce RTX 5070 Ti,17.71,24.0,1.0,473.0,16303.0,,
2026-04-19 15:56:07,162.7,93.7,256.4,52.85,sensors:power1,35.8,34.34,87.19,2.9407042091983024,2.8168618788614377,2.8140929535232386,0,NVIDIA GeForce RTX 5070 Ti,4.61,25.0,0.0,15.0,16303.0,,
2026-04-19 15:56:07,162.7,93.7,256.4,52.85,sensors:power1,35.8,34.34,87.19,2.9407042091983024,2.8168618788614377,2.8140929535232386,1,NVIDIA GeForce RTX 5070 Ti,11.79,23.0,0.0,15.0,16303.0,,
2026-04-19 15:56:07,162.7,93.7,256.4,52.85,sensors:power1,35.8,34.34,87.19,2.9407042091983024,2.8168618788614377,2.8140929535232386,2,NVIDIA GeForce RTX 5070 Ti,17.94,24.0,1.0,473.0,16303.0,,
